"CA Name"	"Root Certificate"	"SHA-1 Thumbprint"	"SHA-256 Thumbprint"
"A-Trust"	"A-Trust-Qual-02"	"CD:78:7A:3D:5C:BA:82:07:08:28:48:36:5E:9A:CD:E9:68:33:64:D8"	"F2:86:30:BA:BF:25:6E:56:7B:58:21:06:9F:CF:13:14:8A:B9:A2:3E:28:FC:0D:70:61:5A:AE:6E:D2:84:F4:C8"
"A-Trust"	"A-Trust-Qual-03a"	"42:EF:DD:E6:BF:F3:5E:D0:BA:E6:AC:DD:20:4C:50:AE:86:C4:F4:FA"	"6B:AF:50:AE:34:67:EF:F3:C3:5F:EF:DC:76:A0:2A:97:FA:B6:26:77:23:ED:A9:1E:99:F1:B3:DC:2B:28:F8:2E"
"A-Trust"	"A-Trust-Root-05"	"2E:66:C9:84:11:81:C0:8F:B1:DF:AB:D4:FF:8D:5C:C7:2B:E0:8F:02"	"2D:DE:9D:0C:0A:90:E7:B3:2B:5A:BC:01:F4:17:99:D4:2E:95:A1:E3:C3:1C:3B:39:37:3B:B8:14:1E:A5:44:71"
"A-Trust"		"4C:AE:E3:89:31:D1:9A:E7:3B:31:AA:75:CA:33:D6:21:29:0F:A7:5E"	"86:88:E5:8F:4C:7A:94:5F:AD:CE:7F:62:BF:EF:52:1B:82:DA:7D:C3:8B:FD:B0:16:34:78:A5:FE:42:E5:78:70"
"AC Camerfirma, S.A."	"Chambers of Commerce Root"	"6E:3A:55:A4:19:0C:19:5C:93:84:3C:C0:DB:72:2E:31:30:61:F0:B1"	"0C:25:8A:12:A5:67:4A:EF:25:F2:8B:A7:DC:FA:EC:EE:A3:48:E5:41:E6:F5:CC:4E:E6:3B:71:B3:61:60:6A:C3"
"AC Camerfirma, S.A."	"Chambers of Commerce Root - 2008"	"78:6A:74:AC:76:AB:14:7F:9C:6A:30:50:BA:9E:A8:7E:FE:9A:CE:3C"	"06:3E:4A:FA:C4:91:DF:D3:32:F3:08:9B:85:42:E9:46:17:D8:93:D7:FE:94:4E:10:A7:93:7E:E2:9D:96:93:C0"
"AC Camerfirma, S.A."	"Chambers of Commerce Root - 2016"	"2D:E1:6A:56:77:BA:CA:39:E1:D6:8C:30:DC:B1:4A:BE:22:A6:17:9B"	"04:F1:BE:C3:69:51:BC:14:54:A9:04:CE:32:89:0C:5D:A3:CD:E1:35:6B:79:00:F6:E6:2D:FA:20:41:EB:AD:51"
"AC Camerfirma, S.A."	"Global Chambersign Root"	"33:9B:6B:14:50:24:9B:55:7A:01:87:72:84:D9:E0:2F:C3:D2:D8:E9"	"EF:3C:B4:17:FC:8E:BF:6F:97:87:6C:9E:4E:CE:39:DE:1E:A5:FE:64:91:41:D1:02:8B:7D:11:C0:B2:29:8C:ED"
"AC Camerfirma, S.A."	"Global Chambersign Root - 2008"	"4A:BD:EE:EC:95:0D:35:9C:89:AE:C7:52:A1:2C:5B:29:F6:D6:AA:0C"	"13:63:35:43:93:34:A7:69:80:16:A0:D3:24:DE:72:28:4E:07:9D:7B:52:20:BB:8F:BD:74:78:16:EE:BE:BA:CA"
"AC Camerfirma, S.A."	"GLOBAL CHAMBERSIGN ROOT - 2016"	"11:39:A4:9E:84:84:AA:F2:D9:0D:98:5E:C4:74:1A:65:DD:5D:94:E2"	"C1:D8:0C:E4:74:A5:11:28:B7:7E:79:4A:98:AA:2D:62:A0:22:5D:A3:F4:19:E5:C7:ED:73:DF:BF:66:0E:71:09"
"Actalis"	"Actalis Authentication Root CA"	"F3:73:B3:87:06:5A:28:84:8A:F2:F3:4A:CE:19:2B:DD:C7:8E:9C:AC"	"55:92:60:84:EC:96:3A:64:B9:6E:2A:BE:01:CE:0B:A8:6A:64:FB:FE:BC:C7:AA:B5:AF:C1:55:B3:7F:D7:60:66"
"Agencia Notarial de Certificación (ANCERT)"	"ANCERT Certificados CGN V2"	"7E:B1:A0:42:9B:E5:F4:28:AC:2B:93:97:1D:7C:84:48:A5:36:07:0C"	"F4:33:6B:C2:AC:75:95:0B:EC:CF:1C:1F:2F:9D:A6:DD:DA:FD:1F:41:16:1C:A7:1F:59:C7:68:89:BD:47:40:33"
"Agencia Notarial de Certificación (ANCERT)"	"ANCERT Certificados Notariales V2"	"6F:62:DE:B8:6C:85:58:5A:E4:2E:47:8D:B4:D7:6D:B3:67:58:5A:E6"	"4B:E8:B5:A1:C7:6C:6A:EA:D0:61:19:18:FC:CF:9D:BD:39:8B:67:FB:12:29:47:58:BD:F9:94:D0:F9:68:2F:60"
"Amazon"	"Amazon Root CA 1"	"8D:A7:F9:65:EC:5E:FC:37:91:0F:1C:6E:59:FD:C1:CC:6A:6E:DE:16"	"8E:CD:E6:88:4F:3D:87:B1:12:5B:A3:1A:C3:FC:B1:3D:70:16:DE:7F:57:CC:90:4F:E1:CB:97:C6:AE:98:19:6E"
"Amazon"	"Amazon Root CA 2"	"5A:8C:EF:45:D7:A6:98:59:76:7A:8C:8B:44:96:B5:78:CF:47:4B:1A"	"1B:A5:B2:AA:8C:65:40:1A:82:96:01:18:F8:0B:EC:4F:62:30:4D:83:CE:C4:71:3A:19:C3:9C:01:1E:A4:6D:B4"
"Amazon"	"Amazon Root CA 3"	"0D:44:DD:8C:3C:8C:1A:1A:58:75:64:81:E9:0F:2E:2A:FF:B3:D2:6E"	"18:CE:6C:FE:7B:F1:4E:60:B2:E3:47:B8:DF:E8:68:CB:31:D0:2E:BB:3A:DA:27:15:69:F5:03:43:B4:6D:B3:A4"
"Amazon"	"Amazon Root CA 4"	"F6:10:84:07:D6:F8:BB:67:98:0C:C2:E2:44:C2:EB:AE:1C:EF:63:BE"	"E3:5D:28:41:9E:D0:20:25:CF:A6:90:38:CD:62:39:62:45:8D:A5:C6:95:FB:DE:A3:C2:2B:0B:FB:25:89:70:92"
"Amazon"	"Starfield Services Root Certificate Authority - G2"	"92:5A:8F:8D:2C:6D:04:E0:66:5F:59:6A:FF:22:D8:63:E8:25:6F:3F"	"56:8D:69:05:A2:C8:87:08:A4:B3:02:51:90:ED:CF:ED:B1:97:4A:60:6A:13:C6:E5:29:0F:CB:2A:E6:3E:DA:B5"
"AS Sertifitseerimiskeskuse (SK)"	"EE Certification Centre Root CA"	"C9:A8:B9:E7:55:80:5E:58:E3:53:77:A7:25:EB:AF:C3:7B:27:CC:D7"	"3E:84:BA:43:42:90:85:16:E7:75:73:C0:99:2F:09:79:CA:08:4E:46:85:68:1F:F1:95:CC:BA:8A:22:9B:8A:76"
"Asseco Data Systems S.A. (previously Unizeto Certum)"	"Certum CA"	"62:52:DC:40:F7:11:43:A2:2F:DE:9E:F7:34:8E:06:42:51:B1:81:18"	"D8:E0:FE:BC:1D:B2:E3:8D:00:94:0F:37:D2:7D:41:34:4D:99:3E:73:4B:99:D5:65:6D:97:78:D4:D8:14:36:24"
"Asseco Data Systems S.A. (previously Unizeto Certum)"	"Certum Trusted Network CA"	"07:E0:32:E0:20:B7:2C:3F:19:2F:06:28:A2:59:3A:19:A7:0F:06:9E"	"5C:58:46:8D:55:F5:8E:49:7E:74:39:82:D2:B5:00:10:B6:D1:65:37:4A:CF:83:A7:D4:A3:2D:B7:68:C4:40:8E"
"Asseco Data Systems S.A. (previously Unizeto Certum)"	"Certum Trusted Network CA 2"	"D3:DD:48:3E:2B:BF:4C:05:E8:AF:10:F5:FA:76:26:CF:D3:DC:30:92"	"B6:76:F2:ED:DA:E8:77:5C:D3:6C:B0:F6:3C:D1:D4:60:39:61:F4:9E:62:65:BA:01:3A:2F:03:07:B6:D0:B8:04"
"Athens Exchange S.A. (Athex)"	"Athex Root CA"	"DB:2B:7B:43:4D:FB:7F:C1:CB:59:26:EC:5D:95:21:FE:35:0F:F2:79"	"A7:35:63:E8:59:CB:CF:A1:73:CF:32:85:DE:BF:25:78:ED:E1:5D:47:A3:BE:E3:85:86:1A:B7:A4:FB:6D:7B:6E"
"Atos"	"Atos TrustedRoot 2011"	"2B:B1:F5:3E:55:0C:1D:C5:F1:D4:E6:B7:6A:46:4B:55:06:02:AC:21"	"F3:56:BE:A2:44:B7:A9:1E:B3:5D:53:CA:9A:D7:86:4A:CE:01:8E:2D:35:D5:F8:F9:6D:DF:68:A6:F4:1A:A4:74"
"Austrian Society for Data Protection (Arge Daten) (GlobalTrust)"	"Austrian Society for Data Protection GLOBALTRUST Certification Service"	"34:2C:D9:D3:06:2D:A4:8C:34:69:65:29:7F:08:1E:BC:2E:F6:8F:DC"	"5E:35:71:F3:3F:45:A7:DF:15:37:A6:8B:5F:FB:9E:03:6A:F9:D2:F5:BC:4C:97:17:13:0D:C4:3D:71:75:AA:C7"
"Autoridad de Certificación (ANF AC)"	"ANF AC"	"CE:A9:89:0D:85:D8:07:53:A6:26:28:6C:DA:D7:8C:B5:66:D7:0C:F2"	"B6:44:D9:55:FF:F2:9B:74:E3:B5:68:7E:90:8E:E7:C3:C9:19:7B:A3:33:6C:C6:32:85:31:F6:C0:57:D6:77:FD"
"Autoridad de Certificación (ANF AC)"	"ANF Global Root CA"	"5B:B5:99:20:D1:1B:39:14:79:46:3A:DD:51:00:DB:1D:52:F4:3A:D4"	"E0:E1:7A:EA:06:CF:9C:E1:2A:AE:81:90:34:5A:2C:59:72:01:30:A7:D8:FF:72:F3:74:5A:D7:5D:BA:A3:65:B6"
"Autoridad de Certificacion Firmaprofesional"	"Autoridad de Certificacion Firmaprofesional CIF A62634068"	"AE:C5:FB:3F:C8:E1:BF:C4:E5:4F:03:07:5A:9A:E8:00:B7:F7:B6:FA"	"04:04:80:28:BF:1F:28:64:D4:8F:9A:D4:D8:32:94:36:6A:82:88:56:55:3F:3B:14:30:3F:90:14:7F:5D:40:EF"
"Buypass"	"Buypass Class 2 Root CA"	"49:0A:75:74:DE:87:0A:47:FE:58:EE:F6:C7:6B:EB:C6:0B:12:40:99"	"9A:11:40:25:19:7C:5B:B9:5D:94:E6:3D:55:CD:43:79:08:47:B6:46:B2:3C:DF:11:AD:A4:A0:0E:FF:15:FB:48"
"Buypass"	"Buypass Class 3 Root CA"	"DA:FA:F7:FA:66:84:EC:06:8F:14:50:BD:C7:C2:81:A5:BC:A9:64:57"	"ED:F7:EB:BC:A2:7A:2A:38:4D:38:7B:7D:40:10:C6:66:E2:ED:B4:84:3E:4C:29:B4:AE:1D:5B:93:32:E6:B2:4D"
"Byte Computer S.A."	"BYTE Root Certification Authority 001"	"3F:0F:EB:17:A7:EF:58:04:CF:D9:0A:77:B7:BB:02:1E:A6:9C:64:18"	
"CA Disig a.s."	"CA Disig Root R1"	"8E:1C:74:F8:A6:20:B9:E5:8A:F4:61:FA:EC:2B:47:56:51:1A:52:C6"	"F9:6F:23:F4:C3:E7:9C:07:7A:46:98:8D:5A:F5:90:06:76:A0:F0:39:CB:64:5D:D1:75:49:B2:16:C8:24:40:CE"
"CA Disig a.s."	"CA Disig Root R2"	"B5:61:EB:EA:A4:DE:E4:25:4B:69:1A:98:A5:57:47:C2:34:C7:D9:71"	"E2:3D:4A:03:6D:7B:70:E9:F5:95:B1:42:20:79:D2:B9:1E:DF:BB:1F:B6:51:A0:63:3E:AA:8A:9D:C5:F8:07:03"
"Carillon Information Security Inc."		"A6:9E:03:36:C4:E5:90:23:FF:65:3C:71:F9:28:EB:73:F2:1C:00:F0"	"12:FF:24:83:72:BD:87:E4:4E:CE:43:21:98:BE:9B:04:52:5F:33:DE:E0:03:56:FD:64:6F:8A:CC:01:41:2F:86"
"Certicámara S.A."	"AC Raíz Certicámara S.A."	"CB:A1:C5:F8:B0:E3:5E:B8:B9:45:12:D3:F9:34:A2:E9:06:10:D3:36"	"A6:C5:1E:0D:A5:CA:0A:93:09:D2:E4:C0:E4:0C:2A:F9:10:7A:AE:82:03:85:7F:E1:98:E3:E7:69:E3:43:08:5C"
"Certicámara S.A."	"AC Raíz Certicámara S.A."	"54:63:28:3B:67:93:FF:55:27:7C:ED:E3:90:98:E8:04:22:F9:12:F7"	"D2:A9:0E:5D:35:CA:C4:D4:1F:7D:44:CE:66:AF:F8:85:E1:81:5F:B3:39:18:58:53:A8:7E:66:C0:5C:9B:EF:1E"
"Certinomis"	"Certinomis - Autorité Racine"	"2E:14:DA:EC:28:F0:FA:1E:8E:38:9A:4E:AB:EB:26:C0:0A:D3:83:C3"	"FC:BF:E2:88:62:06:F7:2B:27:59:3C:8B:07:02:97:E1:2D:76:9E:D1:0E:D7:93:07:05:A8:09:8E:FF:C1:4D:17"
"Certinomis"	"Certinomis - Root CA"	"9D:70:BB:01:A5:A4:A0:18:11:2E:F7:1C:01:B9:32:C5:34:E7:88:A8"	"2A:99:F5:BC:11:74:B7:3C:BB:1D:62:08:84:E0:1C:34:E5:1C:CB:39:78:DA:12:5F:0E:33:26:88:83:BF:41:58"
"certSIGN"	"certSIGN ROOT CA"	"FA:B7:EE:36:97:26:62:FB:2D:B0:2A:F6:BF:03:FD:E8:7C:4B:2F:9B"	"EA:A9:62:C4:FA:4A:6B:AF:EB:E4:15:19:6D:35:1C:CD:88:8D:4F:53:F3:FA:8A:E6:D7:C4:66:A9:4E:60:42:BB"
"China Financial Certification Authority (CFCA)"	"CFCA EV ROOT"	"E2:B8:29:4B:55:84:AB:6B:58:C2:90:46:6C:AC:3F:B8:39:8F:84:83"	"5C:C3:D7:8E:4E:1D:5E:45:54:7A:04:E6:87:3E:64:F9:0C:F9:53:6D:1C:CC:2E:F8:00:F3:55:C4:C5:FD:70:FD"
"China Financial Certification Authority (CFCA)"	"CFCA Identity CA"	"F0:2B:70:BD:E4:EA:E0:2B:20:73:77:B9:FD:47:85:E4:C9:CC:55:DC"	"FF:B8:5C:26:30:8A:96:13:51:24:9E:A6:41:F6:59:D4:9F:63:9E:91:DA:ED:9C:92:D0:46:CC:DC:EC:C9:3D:2F"
"China Financial Certification Authority (CFCA)"	"China Financial CA"	"EA:BD:A2:40:44:0A:BB:D6:94:93:0A:01:D0:97:64:C6:C2:D7:79:66"	"07:71:92:0C:8C:B8:74:D5:C5:A4:DC:0D:6A:51:A2:D4:95:D3:8C:4D:E2:CD:5B:83:D2:A0:6F:AA:05:19:35:F6"
"China Internet Network Information Center (CNNIC)"	"China Internet Network Information Center EV Certificates Root"	"4F:99:AA:93:FB:2B:D1:37:26:A1:99:4A:CE:7F:F0:05:F2:93:5D:1E"	"1C:01:C6:F4:DB:B2:FE:FC:22:55:8B:2B:CA:32:56:3F:49:84:4A:CF:C3:2B:7B:E4:B0:FF:59:9F:9E:8C:7A:F7"
"China Internet Network Information Center (CNNIC)"	"CNNIC ROOT"	"8B:AF:4C:9B:1D:F0:2A:92:F7:DA:12:8E:B9:1B:AC:F4:98:60:4B:6F"	"E2:83:93:77:3D:A8:45:A6:79:F2:08:0C:C7:FB:44:A3:B7:A1:C3:79:2C:B7:EB:77:29:FD:CB:6A:8D:99:AE:A7"
"Chunghwa Telecom Corporation"	"Chunghwa Telecom Co. Ltd."	"67:65:0D:F1:7E:8E:7E:5B:82:40:A4:F4:56:4B:CF:E2:3D:69:C6:F0"	"C0:A6:F4:DC:63:A2:4B:FD:CF:54:EF:2A:6A:08:2A:0A:72:DE:35:80:3E:2F:F5:FF:52:7A:E5:D8:72:06:DF:D5"
"Chunghwa Telecom Corporation"		"D9:9B:10:42:98:59:47:63:F0:B9:A9:27:B7:92:69:CB:47:DD:15:8B"	"1E:51:94:2B:84:FD:46:7B:F7:7D:1C:89:DA:24:1C:04:25:4D:C8:F3:EF:4C:22:45:1F:E7:A8:99:78:BD:CD:4F"
"Cisco"	"Cisco Systems"	"DE:99:0C:ED:99:E0:43:1F:60:ED:C3:93:7E:7C:D5:BF:0E:D9:E5:FA"	"83:27:BC:8C:9D:69:94:7B:3D:E3:C2:75:11:53:72:67:F5:9C:21:B9:FA:7B:61:3F:AF:BC:CD:53:B7:02:40:00"
"Cisco"	"RXC-R2"	"2C:8A:FF:CE:96:64:30:BA:04:C0:4F:81:DD:4B:49:C7:1B:5B:81:A0"	"22:9C:CC:19:6D:32:C9:84:21:CC:11:9E:78:48:6E:EB:EF:60:3A:EC:D5:25:C6:B8:8B:47:AB:B7:40:69:2B:96"
"Collegio de Registradores Mercantile (Spanish Property & Commerce Registry)"	"Colegio de Registradores Mercantiles"	"21:11:65:CA:37:9F:BB:5E:D8:01:E3:1C:43:0A:62:AA:C1:09:BC:B4"	"7D:2B:F3:48:9E:BC:9A:D3:44:8B:8B:08:27:71:5A:3C:BF:E3:D5:23:E3:B5:6A:9B:5F:C1:D2:A2:DA:2F:20:FE"
"Comodo"	"COMODO CA"	"D1:EB:23:A4:6D:17:D6:8F:D9:25:64:C2:F1:F1:60:17:64:D8:E3:49"	"D7:A7:A0:FB:5D:7E:27:31:D7:71:E9:48:4E:BC:DE:F7:1D:5F:0C:3E:0A:29:48:78:2B:C8:3E:E0:EA:69:9E:F4"
"Comodo"	"COMODO Certification Authority"	"66:31:BF:9E:F7:4F:9E:B6:C9:D5:A6:0C:BA:6A:BE:D1:F7:BD:EF:7B"	"0C:2C:D6:3D:F7:80:6F:A3:99:ED:E8:09:11:6B:57:5B:F8:79:89:F0:65:18:F9:80:8C:86:05:03:17:8B:AF:66"
"Comodo"	"COMODO Certification Authority"	"EE:86:93:87:FF:FD:83:49:AB:5A:D1:43:22:58:87:89:A4:57:B0:12"	"1A:0D:20:44:5D:E5:BA:18:62:D1:9E:F8:80:85:8C:BC:E5:01:02:B3:6E:8F:0A:04:0C:3C:69:E7:45:22:FE:6E"
"Comodo"	"COMODO ECC Certification Authority"	"9F:74:4E:9F:2B:4D:BA:EC:0F:31:2C:50:B6:56:3B:8E:2D:93:C3:11"	"17:93:92:7A:06:14:54:97:89:AD:CE:2F:8F:34:F7:F0:B6:6D:0F:3A:E3:A3:B8:4D:21:EC:15:DB:BA:4F:AD:C7"
"Comodo"	"COMODO RSA Certification Authority"	"AF:E5:D2:44:A8:D1:19:42:30:FF:47:9F:E2:F8:97:BB:CD:7A:8C:B4"	"52:F0:E1:C4:E5:8E:C6:29:29:1B:60:31:7F:07:46:71:B8:5D:7E:A8:0D:5B:07:27:34:63:53:4B:32:B4:02:34"
"Comodo"	"The USERTrust Network™"	"02:FA:F3:E2:91:43:54:68:60:78:57:69:4D:F5:E4:5B:68:85:18:68"	"68:7F:A4:51:38:22:78:FF:F0:C8:B1:1F:8D:43:D5:76:67:1C:6E:B2:BC:EA:B4:13:FB:83:D9:65:D0:6D:2F:F2"
"Comodo"	"USERTrust (Client Authentication / Secure Email)"	"B1:72:B1:A5:6D:95:F9:1F:E5:02:87:E1:4D:37:EA:6A:44:63:76:8A"	"43:F2:57:41:2D:44:0D:62:74:76:97:4F:87:7D:A8:F1:FC:24:44:56:5A:36:7A:E6:0E:DD:C2:7A:41:25:31:AE"
"Comodo"	"USERTrust (Code Signing)"	"E1:2D:FB:4B:41:D7:D9:C3:2B:30:51:4B:AC:1D:81:D8:38:5E:2D:46"	"6F:FF:78:E4:00:A7:0C:11:01:1C:D8:59:77:C4:59:FB:5A:F9:6A:3D:F0:54:08:20:D0:F4:B8:60:78:75:E5:8F"
"Comodo"	"USERTrust RSA Certification Authority"	"2B:8F:1B:57:33:0D:BB:A2:D0:7A:6C:51:F7:0E:E9:0D:DA:B9:AD:8E"	"E7:93:C9:B0:2F:D8:AA:13:E2:1C:31:22:8A:CC:B0:81:19:64:3B:74:9C:89:89:64:B1:74:6D:46:C3:D4:CB:D2"
"Comodo"	"UTN-USERFirst-Hardware"	"04:83:ED:33:99:AC:36:08:05:87:22:ED:BC:5E:46:00:E3:BE:F9:D7"	"6E:A5:47:41:D0:04:66:7E:ED:1B:48:16:63:4A:A3:A7:9E:6E:4B:96:95:0F:82:79:DA:FC:8D:9B:D8:81:21:37"
"ComSign"	"ComSign Advanced Security CA"	"80:BF:3D:E9:A4:1D:76:8D:19:4B:29:3C:85:63:2C:DB:C8:EA:8C:F7"	"3C:CC:3C:CF:E4:54:96:D0:7B:62:0D:BF:13:28:E8:A1:49:00:18:F4:86:33:C8:A2:8A:99:5C:A6:04:08:B0:BE"
"ComSign"	"ComSign CA"	"E1:A4:5B:14:1A:21:DA:1A:79:F4:1A:42:A9:61:D6:69:CD:06:34:C1"	"AE:44:57:B4:0D:9E:DA:96:67:7B:0D:3C:92:D5:7B:51:77:AB:D7:AC:10:37:95:83:56:D1:E0:94:51:8B:E5:F2"
"ComSign"	"ComSign Global Root CA"	"AE:3B:31:BF:8F:D8:91:07:9C:F1:DF:34:CB:CE:6E:70:D3:7F:B5:B0"	"26:05:87:5A:FC:C1:76:B2:D6:6D:D6:6A:99:5D:7F:8D:5E:BB:86:CE:12:0D:0E:7E:9E:7C:6E:F2:94:A2:7D:4C"
"ComSign"	"ComSign Secured CA"	"F9:CD:0E:2C:DA:76:24:C1:8F:BD:F0:F0:AB:B6:45:B8:F7:FE:D5:7A"	"50:79:41:C7:44:60:A0:B4:70:86:22:0D:4E:99:32:57:2A:B5:D1:B5:BB:CB:89:80:AB:1C:B1:76:51:A8:44:D2"
"Consorci Administració Oberta de Catalunya (Consorci AOC, CATCert)"	"EC-ACC"	"28:90:3A:63:5B:52:80:FA:E6:77:4C:0B:6D:A7:D6:BA:A6:4A:F2:E8"	"88:49:7F:01:60:2F:31:54:24:6A:E2:8C:4D:5A:EF:10:F1:D8:7E:BB:76:62:6F:4A:E0:B7:F9:5B:A7:96:87:99"
"Cybertrust Japan / JCSI"	"SecureSign RootCA11"	"3B:C4:9F:48:F8:F3:73:A0:9C:1E:BD:F8:5B:B1:C3:65:C7:D8:11:B3"	"BF:0F:EE:FB:9E:3A:58:1A:D5:F9:E9:DB:75:89:98:57:43:D2:61:08:5C:4D:31:4F:6F:5D:72:59:AA:42:16:12"
"D-TRUST"	"D-TRUST Root CA 3 2013"	"6C:7C:CC:E7:D4:AE:51:5F:99:08:CD:3F:F6:E8:C3:78:DF:6F:EF:97"	"A1:A8:6D:04:12:1E:B8:7F:02:7C:66:F5:33:03:C2:8E:57:39:F9:43:FC:84:B3:8A:D6:AF:00:90:35:DD:94:57"
"D-TRUST"	"D-TRUST Root Class 3 CA 2 2009"	"58:E8:AB:B0:36:15:33:FB:80:F7:9B:1B:6D:29:D3:FF:8D:5F:00:F0"	"49:E7:A4:42:AC:F0:EA:62:87:05:00:54:B5:25:64:B6:50:E4:F4:9E:42:E3:48:D6:AA:38:E0:39:E9:57:B1:C1"
"D-TRUST"	"D-TRUST Root Class 3 CA 2 EV 2009"	"96:C9:1B:0B:95:B4:10:98:42:FA:D0:D8:22:79:FE:60:FA:B9:16:83"	"EE:C5:49:6B:98:8C:E9:86:25:B9:34:09:2E:EC:29:08:BE:D0:B0:F3:16:C2:D4:73:0C:84:EA:F1:F3:D3:48:81"
"DATEV eG"	"CA DATEV BT 01"	"DA:8B:65:67:EF:3F:6E:1E:A2:6A:B1:46:E3:6C:CB:57:28:04:18:46"	"1E:91:0B:40:C0:81:84:C0:CA:20:46:8E:82:45:02:FF:24:85:16:3F:77:B0:3B:B7:32:96:82:3F:03:88:56:21"
"DATEV eG"	"CA DATEV BT 02"	"39:41:0B:C2:30:37:48:06:60:69:A7:2A:66:4D:E4:C7:43:48:12:96"	"81:C2:56:85:03:EB:3B:E5:EE:C3:66:65:39:60:E6:D1:BE:94:48:91:5E:46:05:B7:93:FB:EB:34:CC:B2:47:0F"
"DATEV eG"	"CA DATEV BT 03"	"3D:B6:6D:FE:BE:B6:71:28:89:E7:C0:98:B3:28:05:89:6B:62:18:CC"	"0C:0B:6B:2B:D1:ED:D7:B2:7F:EA:D1:57:F8:E8:46:B3:35:B7:84:A3:9F:06:C4:72:16:C8:74:6F:64:C5:CE:DA"
"DATEV eG"	"CA DATEV INT 01"	"52:41:2B:D6:7B:5A:6C:69:52:82:38:60:26:F0:B0:53:DD:40:0E:FC"	"EF:B5:15:7E:9C:66:CA:A1:DC:C6:3C:9F:AC:01:27:CD:E8:3B:7A:42:6C:45:79:B7:B4:3A:41:BA:46:A5:6D:EB"
"DATEV eG"	"CA DATEV INT 02"	"93:F7:F4:8B:12:61:94:3F:6A:78:21:0C:52:E6:26:DF:BF:BB:E2:60"	"99:7E:15:C5:A4:48:1A:85:98:49:97:53:97:1E:E2:60:1D:10:47:C3:63:5A:FF:21:AF:42:21:A8:17:FD:2D:96"
"DATEV eG"	"CA DATEV INT 03"	"92:4A:EA:47:F7:3C:B6:90:56:5E:55:2C:FC:C6:E8:D6:3E:EE:42:42"	"8B:A1:BD:9C:88:EF:B3:94:7E:60:EB:E2:11:37:F8:1D:F7:F0:99:94:CE:F2:7F:09:70:55:01:8B:81:94:C6:34"
"DATEV eG"	"CA DATEV STD 01"	"15:03:32:A5:8D:C5:91:FC:42:D4:C8:73:FF:9F:1F:0F:81:D5:97:C9"	"1B:A6:22:B3:63:25:54:4A:E9:22:AF:C2:2E:F9:D3:67:94:37:94:F6:E1:68:74:F3:68:A7:33:C6:5C:9D:52:79"
"DATEV eG"	"CA DATEV STD 02"	"AB:9D:58:C0:3F:54:B1:DA:E3:F7:C2:D4:C6:C1:EC:36:94:55:9C:37"	"05:D3:8C:2A:70:BF:C5:00:CC:B0:CB:50:91:59:B4:6B:06:5C:6A:C9:CB:42:D2:E6:F1:61:67:84:14:34:57:2A"
"DATEV eG"	"CA DATEV STD 03"	"27:EE:D2:2A:FD:58:A2:C6:4A:85:5E:36:80:AF:89:8B:F3:6C:E5:03"	"54:AE:8A:68:3F:E2:D7:8F:F1:EF:0E:0B:3F:58:42:50:92:95:3B:A0:8C:67:FE:4A:95:59:5D:1C:EB:CD:CB:30"
"Deutscher Sparkassen Verlag GmbH (S-TRUST, DSV-Gruppe)"	"S-TRUST Authentication and Encryption Root CA 2005:PN"	"BE:B5:A9:95:74:6B:9E:DF:73:8B:56:E6:DF:43:7A:77:BE:10:6B:81"	"37:D8:DC:8A:F7:86:78:45:DA:33:44:A6:B1:BA:DE:44:8D:8A:80:E4:7B:55:79:F9:6B:F6:31:76:8F:9F:30:F6"
"Deutscher Sparkassen Verlag GmbH (S-TRUST, DSV-Gruppe)"	"S-TRUST Universal Root CA"	"1B:3D:11:14:EA:7A:0F:95:58:54:41:95:BF:6B:25:82:AB:40:CE:9A"	"D8:0F:EF:91:0A:E3:F1:04:72:3B:04:5C:EC:2D:01:9F:44:1C:E6:21:3A:DF:15:67:91:E7:0C:17:90:11:0A:31"
"Deutscher Sparkassen Verlag GmbH (S-TRUST, DSV-Gruppe)"	"TC TrustCenter Class 3 CA II"	"80:25:EF:F4:6E:70:C8:D4:72:24:65:84:FE:40:3B:8A:8D:6A:DB:F5"	"8D:A0:84:FC:F9:9C:E0:77:22:F8:9B:32:05:93:98:06:FA:5C:B8:11:E1:C8:13:F6:A1:08:C7:D3:36:B3:40:8E"
"Dhimyotis / Certigna"	"Certigna"	"B1:2E:13:63:45:86:A4:6F:1A:B2:60:68:37:58:2D:C4:AC:FD:94:97"	"E3:B6:A2:DB:2E:D7:CE:48:84:2F:7A:C5:32:41:C7:B7:1D:54:14:4B:FB:40:C1:1F:3F:1D:0B:42:F5:EE:A1:2D"
"Dhimyotis / Certigna"	"Certigna Root CA"	"2D:0D:52:14:FF:9E:AD:99:24:01:74:20:47:6E:6C:85:27:27:F5:43"	"D4:8D:3D:23:EE:DB:50:A4:59:E5:51:97:60:1C:27:77:4B:9D:7B:18:C9:4D:5A:05:95:11:A1:02:50:B9:31:68"
"DigiCert"	"Baltimore CyberTrust Root"	"D4:DE:20:D0:5E:66:FC:53:FE:1A:50:88:2C:78:DB:28:52:CA:E4:74"	"16:AF:57:A9:F6:76:B0:AB:12:60:95:AA:5E:BA:DE:F2:2A:B3:11:19:D6:44:AC:95:CD:4B:93:DB:F3:F2:6A:EB"
"DigiCert"	"Cybertrust Global Root"	"5F:43:E5:B1:BF:F8:78:8C:AC:1C:C7:CA:4A:9A:C6:22:2B:CC:34:C6"	"96:0A:DF:00:63:E9:63:56:75:0C:29:65:DD:0A:08:67:DA:0B:9C:BD:6E:77:71:4A:EA:FB:23:49:AB:39:3D:A3"
"DigiCert"	"DigiCert"	"A8:98:5D:3A:65:E5:E5:C4:B2:D7:D6:6D:40:C6:DD:2F:B1:9C:54:36"	"43:48:A0:E9:44:4C:78:CB:26:5E:05:8D:5E:89:44:B4:D8:4F:96:62:BD:26:DB:25:7F:89:34:A4:43:C7:01:61"
"DigiCert"	"DigiCert Assured ID Root CA"	"05:63:B8:63:0D:62:D7:5A:BB:C8:AB:1E:4B:DF:B5:A8:99:B2:4D:43"	"3E:90:99:B5:01:5E:8F:48:6C:00:BC:EA:9D:11:1E:E7:21:FA:BA:35:5A:89:BC:F1:DF:69:56:1E:3D:C6:32:5C"
"DigiCert"	"DigiCert Assured ID Root G2"	"A1:4B:48:D9:43:EE:0A:0E:40:90:4F:3C:E0:A4:C0:91:93:51:5D:3F"	"7D:05:EB:B6:82:33:9F:8C:94:51:EE:09:4E:EB:FE:FA:79:53:A1:14:ED:B2:F4:49:49:45:2F:AB:7D:2F:C1:85"
"DigiCert"	"DigiCert Assured ID Root G3"	"F5:17:A2:4F:9A:48:C6:C9:F8:A2:00:26:9F:DC:0F:48:2C:AB:30:89"	"7E:37:CB:8B:4C:47:09:0C:AB:36:55:1B:A6:F4:5D:B8:40:68:0F:BA:16:6A:95:2D:B1:00:71:7F:43:05:3F:C2"
"DigiCert"	"DigiCert Global Root G2"	"DF:3C:24:F9:BF:D6:66:76:1B:26:80:73:FE:06:D1:CC:8D:4F:82:A4"	"CB:3C:CB:B7:60:31:E5:E0:13:8F:8D:D3:9A:23:F9:DE:47:FF:C3:5E:43:C1:14:4C:EA:27:D4:6A:5A:B1:CB:5F"
"DigiCert"	"DigiCert Global Root G3"	"7E:04:DE:89:6A:3E:66:6D:00:E6:87:D3:3F:FA:D9:3B:E8:3D:34:9E"	"31:AD:66:48:F8:10:41:38:C7:38:F3:9E:A4:32:01:33:39:3E:3A:18:CC:02:29:6E:F9:7C:2A:C9:EF:67:31:D0"
"DigiCert"	"DigiCert High Assurance EV Root CA"	"5F:B7:EE:06:33:E2:59:DB:AD:0C:4C:9A:E6:D3:8F:1A:61:C7:DC:25"	"74:31:E5:F4:C3:C1:CE:46:90:77:4F:0B:61:E0:54:40:88:3B:A9:A0:1E:D0:0B:A6:AB:D7:80:6E:D3:B1:18:CF"
"DigiCert"	"DigiCert Trusted Root G4"	"DD:FB:16:CD:49:31:C9:73:A2:03:7D:3F:C8:3A:4D:7D:77:5D:05:E4"	"55:2F:7B:DC:F1:A7:AF:9E:6C:E6:72:01:7F:4F:12:AB:F7:72:40:C7:8E:76:1A:C2:03:D1:D9:D2:0A:C8:99:88"
"DigiCert"	"Hotspot 2.0 Trust Root CA – 03"	"51:50:1F:BF:CE:69:18:9D:60:9C:FA:F1:40:C5:76:75:5D:CC:1F:DF"	"A3:CC:68:59:5D:FE:7E:86:D8:AD:17:72:A8:B5:28:4A:DD:54:AC:E3:B8:A7:98:DF:47:BC:CA:FB:1F:DB:84:DF"
"DigiCert"	"Verizon Global Root CA"	"91:21:98:EE:F2:3D:CA:C4:09:39:31:2F:EE:97:DD:56:0B:AE:49:B1"	"68:AD:50:90:9B:04:36:3C:60:5E:F1:35:81:A9:39:FF:2C:96:37:2E:3F:12:32:5B:0A:68:61:E1:D5:9F:66:03"
"Digidentity BV **"	"Digidentity BV"	"F1:38:A3:30:A4:EA:98:6B:EB:52:0B:B1:10:35:87:6E:FB:9D:7F:1C"	"41:7D:CF:31:80:F4:ED:1A:37:47:AC:F1:17:93:16:CD:48:CB:05:C5:78:84:35:16:8A:ED:98:C9:8C:DC:B6:15"
"DocuSign (OpenTrust/Keynectis)"	"CertPlus Class 3 Primary CA"	"D2:ED:F8:8B:41:B6:FE:01:46:1D:6E:28:34:EC:7C:8F:6C:77:72:1E"	"C1:B1:2F:48:00:20:33:6E:5B:04:F5:20:BC:19:C2:E2:E1:0A:B4:2C:9D:92:35:F0:5C:BE:C3:3F:FA:4D:4D:EA"
"DocuSign (OpenTrust/Keynectis)"	"CertPlus Class 3P Primary CA"	"21:6B:2A:29:E6:2A:00:CE:82:01:46:D8:24:41:41:B9:25:11:B2:79"	"CC:C8:94:89:37:1B:AD:11:1C:90:61:9B:EA:24:0A:2E:6D:AD:D9:9F:9F:6E:1D:4D:41:E5:8E:D6:DE:3D:02:85"
"DocuSign (OpenTrust/Keynectis)"	"CertPlus Class 3TS Primary CA"	"F4:40:95:C2:38:AC:73:FC:4F:77:BF:8F:98:DF:70:F8:F0:91:BC:52"	"CE:7D:D0:96:C8:FD:E2:BF:5C:43:8E:DB:57:4B:D6:45:43:85:33:4E:E8:FF:10:6C:0F:93:D5:05:1B:E6:BA:C3"
"DocuSign (OpenTrust/Keynectis)"	"Certplus Root CA G1"	"22:FD:D0:B7:FD:A2:4E:0D:AC:49:2C:A0:AC:A6:7B:6A:1F:E3:F7:66"	"15:2A:40:2B:FC:DF:2C:D5:48:05:4D:22:75:B3:9C:7F:CA:3E:C0:97:80:78:B0:F0:EA:76:E5:61:A6:C7:43:3E"
"DocuSign (OpenTrust/Keynectis)"	"Certplus Root CA G2"	"4F:65:8E:1F:E9:06:D8:28:02:E9:54:47:41:C9:54:25:5D:69:CC:1A"	"6C:C0:50:41:E6:44:5E:74:69:6C:4C:FB:C9:F8:0F:54:3B:7E:AB:BB:44:B4:CE:6F:78:7C:6A:99:71:C4:2F:17"
"DocuSign (OpenTrust/Keynectis)"	"Class 2 Primary CA"	"74:20:74:41:72:9C:DD:92:EC:79:31:D8:23:10:8D:C2:81:92:E2:BB"	"0F:99:3C:8A:EF:97:BA:AF:56:87:14:0E:D5:9A:D1:82:1B:B4:AF:AC:F0:AA:9A:58:B5:D5:7A:33:8A:3A:FB:CB"
"DocuSign (OpenTrust/Keynectis)"	"KEYNECTSIS ROOT CA"	"9C:61:5C:4D:4D:85:10:3A:53:26:C2:4D:BA:EA:E4:A2:D2:D5:CC:97"	"42:10:F1:99:49:9A:9A:C3:3C:8D:E0:2B:A6:DB:AA:14:40:8B:DD:8A:6E:32:46:89:C1:92:2D:06:97:15:A3:32"
"DocuSign (OpenTrust/Keynectis)"	"OpenTrust Root CA G1"	"79:91:E8:34:F7:E2:EE:DD:08:95:01:52:E9:55:2D:14:E9:58:D5:7E"	"56:C7:71:28:D9:8C:18:D9:1B:4C:FD:FF:BC:25:EE:91:03:D4:75:8E:A2:AB:AD:82:6A:90:F3:45:7D:46:0E:B4"
"DocuSign (OpenTrust/Keynectis)"	"OpenTrust Root CA G2"	"79:5F:88:60:C5:AB:7C:3D:92:E6:CB:F4:8D:E1:45:CD:11:EF:60:0B"	"27:99:58:29:FE:6A:75:15:C1:BF:E8:48:F9:C4:76:1D:B1:6C:22:59:29:25:7B:F4:0D:08:94:F2:9E:A8:BA:F2"
"DocuSign (OpenTrust/Keynectis)"	"OpenTrust Root CA G3"	"6E:26:64:F3:56:BF:34:55:BF:D1:93:3F:7C:01:DE:D8:13:DA:8A:A6"	"B7:C3:62:31:70:6E:81:07:8C:36:7C:B8:96:19:8F:1E:32:08:DD:92:69:49:DD:8F:57:09:A4:10:F7:5B:62:92"
"e-tugra"	"E-Tugra Certification Authority"	"51:C6:E7:08:49:06:6E:F3:92:D4:5C:A0:0D:6D:A3:62:8F:C3:52:39"	"B0:BF:D5:2B:B0:D7:D9:BD:92:BF:5D:4D:C1:3D:A2:55:C0:2C:54:2F:37:83:65:EA:89:39:11:F5:5E:55:F2:3C"
"Echoworx"	"Echoworx Root CA2"	"CB:65:82:64:EA:8C:DA:18:6E:17:52:FB:52:C3:97:36:7E:A3:87:BE"	"66:39:D1:3C:AB:85:DF:1A:D9:A2:3C:44:3B:3A:60:90:1E:2B:13:8D:45:6F:A7:11:83:57:81:08:88:4E:C6:BF"
"EDICOM"	"ACEDICOM Root"	"E0:B4:32:2E:B2:F6:A5:68:B6:54:53:84:48:18:4A:50:36:87:43:84"	"03:95:0F:B4:9A:53:1F:3E:19:91:94:23:98:DF:A9:E0:EA:32:D7:BA:1C:DD:9B:C8:5D:B5:7E:D9:40:0B:43:4A"
"EDICOM"	"CAEDICOM ROOT"	"55:9B:BA:7B:0F:FE:80:D6:D3:82:9B:1F:D0:7A:A4:D3:22:19:47:90"	"15:01:F8:9C:5C:4D:CF:36:CF:58:8A:17:C9:FD:7C:FC:EB:9E:E0:1E:87:29:BE:35:5E:25:DE:80:EB:62:84:B4"
"Entrust"	"Entrust Root Certification Authority"	"B3:1E:B1:B7:40:E3:6C:84:02:DA:DC:37:D4:4D:F5:D4:67:49:52:F9"	"73:C1:76:43:4F:1B:C6:D5:AD:F4:5B:0E:76:E7:27:28:7C:8D:E5:76:16:C1:E6:E6:14:1A:2B:2C:BC:7D:8E:4C"
"Entrust"	"Entrust Root Certification Authority - EC1"	"20:D8:06:40:DF:9B:25:F5:12:25:3A:11:EA:F7:59:8A:EB:14:B5:47"	"02:ED:0E:B2:8C:14:DA:45:16:5C:56:67:91:70:0D:64:51:D7:FB:56:F0:B2:AB:1D:3B:8E:B0:70:E5:6E:DF:F5"
"Entrust"	"Entrust.net"	"8C:F4:27:FD:79:0C:3A:D1:66:06:8D:E8:1E:57:EF:BB:93:22:72:D4"	"43:DF:57:74:B0:3E:7F:EF:5F:E4:0D:93:1A:7B:ED:F1:BB:2E:6B:42:73:8C:4E:6D:38:41:10:3D:3A:A7:F3:39"
"Entrust"	"Entrust.net Certification Authority (2048)"	"50:30:06:09:1D:97:D4:F5:AE:39:F7:CB:E7:92:7D:7D:65:2D:34:31"	"6D:C4:71:72:E0:1C:BC:B0:BF:62:58:0D:89:5F:E2:B8:AC:9A:D4:F8:73:80:1E:0C:10:B9:C8:37:D2:1E:B1:77"
"Entrust"	"Trend Micro 1"	"29:36:21:02:8B:20:ED:02:F5:66:C5:32:D1:D6:ED:90:9F:45:00:2F"	"0A:81:EC:5A:92:97:77:F1:45:90:4A:F3:8D:5D:50:9F:66:B5:E2:C5:8F:CD:B5:31:05:8B:0E:17:F3:F0:B4:1B"
"Entrust"	"Trend Micro 2"	"B8:23:6B:00:2F:1D:16:86:53:01:55:6C:11:A4:37:CA:EB:FF:C3:BB"	"BD:71:FD:F6:DA:97:E4:CF:62:D1:64:7A:DD:25:81:B0:7D:79:AD:F8:39:7E:B4:EC:BA:9C:5E:84:88:82:14:23"
"Entrust"	"Trend Micro 3"	"D8:A6:33:2C:E0:03:6F:B1:85:F6:63:4F:7D:6A:06:65:26:32:28:27"	"70:A7:3F:7F:37:6B:60:07:42:48:90:45:34:B1:14:82:D5:BF:0E:69:8E:CC:49:8D:F5:25:77:EB:F2:E9:3B:9A"
"Entrust"	"Trend Micro 4"	"F9:B5:B6:32:45:5F:9C:BE:EC:57:5F:80:DC:E9:6E:2C:C7:B2:78:B7"	"03:76:AB:1D:54:C5:F9:80:3C:E4:B2:E2:01:A0:EE:7E:EF:7B:57:B6:36:E8:A9:3C:9B:8D:48:60:C9:6F:5F:A7"
"Global Digital Cybersecurity Authority Co., Ltd. (Formerly Guang Dong Certificate Authority (GDCA))"	"GDCA TrustAUTH R5 ROOT"	"0F:36:38:5B:81:1A:25:C3:9B:31:4E:83:CA:E9:34:66:70:CC:74:B4"	"BF:FF:8F:D0:44:33:48:7D:6A:8A:A6:0C:1A:29:76:7A:9F:C2:BB:B0:5E:42:0F:71:3A:13:B9:92:89:1D:38:93"
"GlobalSign"	"GlobalSign ECC Root CA - R5"	"1F:24:C6:30:CD:A4:18:EF:20:69:FF:AD:4F:DD:5F:46:3A:1B:69:AA"	"17:9F:BC:14:8A:3D:D0:0F:D2:4E:A1:34:58:CC:43:BF:A7:F5:9C:81:82:D7:83:A5:13:F6:EB:EC:10:0C:89:24"
"GlobalSign"	"GlobalSign Root CA"	"B1:BC:96:8B:D4:F4:9D:62:2A:A8:9A:81:F2:15:01:52:A4:1D:82:9C"	"EB:D4:10:40:E4:BB:3E:C7:42:C9:E3:81:D3:1E:F2:A4:1A:48:B6:68:5C:96:E7:CE:F3:C1:DF:6C:D4:33:1C:99"
"GlobalSign"	"GlobalSign Root CA - R3"	"D6:9B:56:11:48:F0:1C:77:C5:45:78:C1:09:26:DF:5B:85:69:76:AD"	"CB:B5:22:D7:B7:F1:27:AD:6A:01:13:86:5B:DF:1C:D4:10:2E:7D:07:59:AF:63:5A:7C:F4:72:0D:C9:63:C5:3B"
"GlobalSign"	"GlobalSign Root CA - R6"	"80:94:64:0E:B5:A7:A1:CA:11:9C:1F:DD:D5:9F:81:02:63:A7:FB:D1"	"2C:AB:EA:FE:37:D0:6C:A2:2A:BA:73:91:C0:03:3D:25:98:29:52:C4:53:64:73:49:76:3A:3A:B5:AD:6C:CF:69"
"GoDaddy"	"Go Daddy Class 2 CA"	"27:96:BA:E6:3F:18:01:E2:77:26:1B:A0:D7:77:70:02:8F:20:EE:E4"	"C3:84:6B:F2:4B:9E:93:CA:64:27:4C:0E:C6:7C:1E:CC:5E:02:4F:FC:AC:D2:D7:40:19:35:0E:81:FE:54:6A:E4"
"GoDaddy"	"Go Daddy Root Certificate Authority - G2"	"47:BE:AB:C9:22:EA:E8:0E:78:78:34:62:A7:9F:45:C2:54:FD:E6:8B"	"45:14:0B:32:47:EB:9C:C8:C5:B4:F0:D7:B5:30:91:F7:32:92:08:9E:6E:5A:63:E2:74:9D:D3:AC:A9:19:8E:DA"
"GoDaddy"	"Starfield Class 2 CA"	"AD:7E:1C:28:B0:64:EF:8F:60:03:40:20:14:C3:D0:E3:37:0E:B5:8A"	"14:65:FA:20:53:97:B8:76:FA:A6:F0:A9:95:8E:55:90:E4:0F:CC:7F:AA:4F:B7:C2:C8:67:75:21:FB:5F:B6:58"
"GoDaddy"	"Starfield Root Certificate Authority - G2"	"B5:1C:06:7C:EE:2B:0C:3D:F8:55:AB:2D:92:F4:FE:39:D4:E7:0F:0E"	"2C:E1:CB:0B:F9:D2:F9:E1:02:99:3F:BE:21:51:52:C3:B2:DD:0C:AB:DE:1C:68:E5:31:9B:83:91:54:DB:B7:F5"
"GoDaddy"	"Starfield Technologies Inc."	"5D:00:38:60:F0:02:ED:82:9D:EA:A4:18:68:F7:88:18:6D:62:12:7F"	"B5:BD:2C:B7:9C:BD:19:07:29:8D:6B:DF:48:42:E5:16:D8:C7:8F:A6:FC:96:D2:5F:71:AF:81:4E:16:CC:24:5E"
"Google Trust Services (GTS)"	"GlobalSign ECC Root CA - R4"	"69:69:56:2E:40:80:F4:24:A1:E7:19:9F:14:BA:F3:EE:58:AB:6A:BB"	"BE:C9:49:11:C2:95:56:76:DB:6C:0A:55:09:86:D7:6E:3B:A0:05:66:7C:44:2C:97:62:B4:FB:B7:73:DE:22:8C"
"Google Trust Services (GTS)"	"GlobalSign Root CA - R2"	"75:E0:AB:B6:13:85:12:27:1C:04:F8:5F:DD:DE:38:E4:B7:24:2E:FE"	"CA:42:DD:41:74:5F:D0:B8:1E:B9:02:36:2C:F9:D8:BF:71:9D:A1:BD:1B:1E:FC:94:6F:5B:4C:99:F4:2C:1B:9E"
"Government of Australia"	"Australian Defence Organisation (ADO) Certificate Authority 02"	"84:42:9D:9F:E2:E7:3A:0D:C8:AA:0A:E0:A9:02:F2:74:99:33:FE:02"	"6C:CF:D3:02:FC:44:BF:45:99:32:9B:97:50:87:8E:A4:4E:7E:85:66:56:4B:CB:D5:86:16:97:62:DD:10:C7:4E"
"Government of Australia"	"Australian Defence Public Root CA"	"A9:CA:FE:9D:FD:67:F4:14:5A:D3:97:D0:E2:F3:05:0D:19:8D:E6:EE"	"20:9E:95:6A:F0:4D:F3:99:65:07:C8:87:D3:56:23:0D:6E:B4:9F:DB:DD:2D:8A:05:8F:F5:0B:8F:80:F6:90:AA"
"Government of Brazil, Instituto Nacional de Tecnologia da Informação (ITI)"	"Autoridade Certificadora da Raiz Brasileira v1 - ICP-Brasil"	"70:5D:2B:45:65:C7:04:7A:54:06:94:A7:9A:F7:AB:B8:42:BD:C1:61"	"CB:D8:ED:38:D4:A2:D6:77:D4:53:D7:0D:D8:89:0A:F4:F6:37:4C:BA:62:99:94:3F:1A:B3:A6:93:6C:6F:D7:95"
"Government of Brazil, Instituto Nacional de Tecnologia da Informação (ITI)"	"Autoridade Certificadora Raiz Brasileira v2"	"A9:82:2E:6C:69:33:C6:3C:14:8C:2D:CA:A4:4A:5C:F1:AA:D2:C4:2E"	"FB:47:D9:2A:99:09:FD:4F:A9:BE:C0:27:37:54:3E:1F:35:14:CE:D7:47:40:7A:8D:9C:FA:39:7B:09:15:06:7C"
"Government of Finland, Population Register Centre’s (Väestörekisterikeskus, VRK)"	"VRK Gov. Root CA"	"FA:A7:D9:FB:31:B7:46:F2:00:A8:5E:65:79:76:13:D8:16:E0:63:B5"	"F0:08:73:3E:C5:00:DC:49:87:63:CC:92:64:C6:FC:EA:40:EC:22:00:0E:92:7D:05:3C:E9:C9:0B:FA:04:6C:B2"
"Government of France (ANSSI, DCSSI)"	"IGC/A AC racine Etat francais"	"1A:C9:2F:09:EA:89:E2:8B:12:6D:FA:C5:1E:3A:F7:EA:90:95:A3:EE"	"1E:1A:69:84:B4:E7:6B:D7:09:AE:E3:E9:C9:CF:31:18:EA:C0:96:DA:B9:CC:20:DC:25:FA:AB:67:29:7E:96:5A"
"Government of France (ANSSI, DCSSI)"	"Secrétariat Général de la Défense Nationale"	"60:D6:89:74:B5:C2:65:9E:8A:0F:C1:88:7C:88:D2:46:69:1B:18:2C"	"B9:BE:A7:86:0A:96:2E:A3:61:1D:AB:97:AB:6D:A3:E2:1C:10:68:B9:7D:55:57:5E:D0:E1:12:79:C1:1C:89:32"
"Government of Hong Kong (SAR), Hongkong Post, Certizen"	"Hongkong Post Root CA 1"	"D6:DA:A8:20:8D:09:D2:15:4D:24:B5:2F:CB:34:6E:B2:58:B2:8A:58"	"F9:E6:7D:33:6C:51:00:2A:C0:54:C6:32:02:2D:66:DD:A2:E7:E3:FF:F1:0A:D0:61:ED:31:D8:BB:B4:10:CF:B2"
"Government of Hungary"	"Fotanúsítványkiadó - Kormányzati Hitelesítés Szolgáltató"	"FF:B7:E0:8F:66:E1:D0:C2:58:2F:02:45:C4:97:02:92:A4:6E:88:03"	"C2:15:73:09:D9:AE:E1:7B:F3:4F:4D:F5:E8:8D:BA:EB:A5:7E:03:61:EB:81:4C:BC:23:9F:4D:54:D3:29:A3:8D"
"Government of India, Ministry of Communications & Information Technology, Controller of Certifying Authorities (CCA)"	"CCA India 2014"	"A2:B8:6B:5A:68:D9:28:19:D9:CE:5D:D6:D7:96:9A:49:68:E1:19:91"	"60:10:9B:C6:C3:83:28:59:8A:11:2C:7A:25:E3:8B:0F:23:E5:A7:51:1C:B8:15:FB:64:E0:C4:FF:05:DB:7D:F7"
"Government of India, Ministry of Communications & Information Technology, Controller of Certifying Authorities (CCA)"	"CCA India 2015"	"3B:C6:DC:E0:03:07:BD:67:60:41:EB:D8:59:70:C6:2F:8F:DA:51:09"	"C3:4C:5D:F5:30:80:07:8F:FE:45:B2:1A:7F:60:04:69:91:72:04:F4:F0:29:3F:1D:72:09:39:3E:52:65:C0:4F"
"Government of Japan, Ministry of Internal Affairs and Communications"	"GPKI ApplicationCA2 Root"	"F0:0F:C3:7D:6A:1C:92:61:FB:6B:C1:C2:18:49:8C:5A:A4:DC:51:FB"	"12:6B:F0:1C:10:94:D2:F0:CA:2E:35:23:80:B3:C7:24:29:45:46:CC:C6:55:97:BE:F7:F1:2D:8A:17:1F:19:84"
"Government of Korea, Ministry of the Interior"	"GPKIRootCA1"	"76:12:ED:9E:49:B3:65:B4:DA:D3:12:0C:01:E6:03:74:8D:AE:8C:F0"	"40:7C:27:6B:EA:D2:E4:AF:06:61:EF:66:97:34:1D:EC:0A:1F:94:34:E4:EA:FB:2D:3D:32:A9:05:49:D9:DE:4A"
"Government of Latvia, Latvian State Radio & Television Centre (LVRTC)"	"E-ME SSI (RCA)"	"C9:32:1D:E6:B5:A8:26:66:CF:69:71:A1:8A:56:F2:D3:A8:67:56:02"	"CD:0B:3B:2A:A1:74:B5:5F:18:C7:50:2F:3C:3A:76:F2:19:81:75:CE:45:63:73:70:CF:4F:48:B9:C2:CE:4F:BF"
"Government of Latvia, Latvian State Radio & Television Centre (LVRTC)"	"VAS Latvijas Pasts SSI(RCA)"	"08:64:18:E9:06:CE:E8:9C:23:53:B6:E2:7F:BD:9E:74:39:F7:63:16"	"AA:D9:CE:ED:5A:A6:B1:CE:A2:85:96:A8:E4:E1:AB:ED:93:86:D6:EB:C9:D4:AA:D9:AC:DE:0F:A3:6B:A0:69:D0"
"Government of Lithuania, Registru Centras"	"VI Registru Centras"	"97:1D:34:86:FC:1E:8E:63:15:F7:C6:F2:E1:29:67:C7:24:34:22:14"	"05:36:80:1F:BB:44:3B:3E:90:5F:D6:D7:0D:8C:81:EB:88:55:1B:E8:06:12:99:11:0D:2B:4F:82:E6:4C:AD:E1"
"Government of Portugal, Sistema de Certificação Electrónica do Estado (SCEE) / Electronic Certification System of the State"	"ECRaizEstado"	"39:13:85:3E:45:C4:39:A2:DA:71:8C:DF:B6:F3:E0:33:E0:4F:EE:71"	"48:8E:13:4F:30:C5:DB:56:B7:64:73:E6:08:08:68:42:BF:21:AF:8A:B3:CD:7A:C6:7E:BD:F1:25:D5:31:83:4E"
"Government of Saudi Arabia, NCDC"	"Saudi National Root CA"	"83:51:50:9B:7D:F8:CF:E8:7B:AE:62:AE:B9:B0:3A:52:F4:E6:2C:79"	"34:BB:34:E1:4F:AE:D0:D3:39:2F:2F:C4:41:C0:EC:D5:FD:88:AD:88:11:8D:F2:D1:BA:76:CD:EC:1E:EA:10:B8"
"Government of Slovenia"	"SI-TRUST Root"	"3A:49:79:B4:0F:A8:41:48:82:00:B5:82:FB:EE:B6:3A:AB:99:19:AE"	"FA:D5:40:81:1A:FA:E0:DC:76:7C:DF:65:72:A0:88:FA:3C:E8:49:3D:D8:2B:3B:86:9A:67:D1:0A:AB:4E:81:24"
"Government of South Africa, Post Office Trust Centre"	"SAPO Class 2 Root CA"	"E4:55:01:60:8A:A1:EF:89:E2:7B:8C:D3:C3:B3:4C:03:B0:38:E6:D7"	"FD:7C:CA:48:B7:45:21:34:70:F5:03:EC:6E:96:9C:44:7F:C1:2D:4D:D5:AA:2A:7C:C6:C3:D5:AB:BD:96:2B:33"
"Government of South Africa, Post Office Trust Centre"	"SAPO Class 3 Root CA"	"38:DD:76:59:C7:35:10:0B:00:A2:37:E4:91:B7:BC:0F:FC:D2:31:6C"	"1A:25:12:CD:A6:74:4A:BE:A1:14:32:A2:FD:C9:F8:C0:88:DB:5A:98:C8:9E:13:35:25:74:CD:E4:D9:E8:0C:DD"
"Government of South Africa, Post Office Trust Centre"	"SAPO Class 4 Root CA"	"20:A8:F5:FF:C4:3A:F4:A9:BC:89:88:1E:BF:99:20:FF:91:E9:FD:0A"	"6E:D9:9F:7D:1B:56:2E:46:4A:03:2C:86:1D:BB:41:37:80:53:77:FA:7F:56:83:F0:D4:DA:99:2B:41:30:6A:6C"
"Government of Spain, Autoritat de Certificació de la Comunitat Valenciana (ACCV)"	"ACCVRAIZ1"	"93:05:7A:88:15:C6:4F:CE:88:2F:FA:91:16:52:28:78:BC:53:64:17"	"9A:6E:C0:12:E1:A7:DA:9D:BE:34:19:4D:47:8A:D7:C0:DB:18:22:FB:07:1D:F1:29:81:49:6E:D1:04:38:41:13"
"Government of Spain, Dirección General de la Policía – Ministerio del Interior – España."	"DIRECCION GENERAL DE LA POLICIA"	"B3:8F:EC:EC:0B:14:8A:A6:86:C3:D0:0F:01:EC:C8:84:8E:80:85:EB"	"73:97:10:C5:24:5E:33:EC:8A:24:3A:1B:20:04:8F:C9:D5:F4:52:85:99:21:38:45:C1:64:D0:04:B8:B6:67:F9"
"Government of Spain, Fábrica Nacional de Moneda y Timbre (FNMT)"	"AC RAIZ FNMT-RCM"	"B8:65:13:0B:ED:CA:38:D2:7F:69:92:94:20:77:0B:ED:86:EF:BC:10"	"4D:9E:BB:28:82:5C:96:43:AB:15:D5:4E:5F:96:14:F1:3C:B3:E9:5D:E3:CF:4E:AC:97:13:01:F3:20:F9:22:6E"
"Government of Spain, Fábrica Nacional de Moneda y Timbre (FNMT)"	"Fabrica Nacional de Moneda y Timbre"	"43:F9:B1:10:D5:BA:FD:48:22:52:31:B0:D0:08:2B:37:2F:EF:9A:54"	"62:B9:26:72:66:21:28:32:A8:E2:2D:AB:93:3D:91:C7:01:12:74:AC:F7:17:03:F9:CC:97:83:37:51:A6:E9:4F"
"Government of Spain, Ministerio de Trabajo e Inmigración (MTIN)"	"AC1 RAIZ MTIN"	"6A:D2:3B:9D:C4:8E:37:5F:85:9A:D9:CA:B5:85:32:5C:23:89:40:71"	"5B:1D:9D:24:DE:0A:FE:A8:B3:5B:A0:4A:1C:3E:25:D0:81:2C:DF:7C:46:25:DE:0A:89:AF:9F:E4:BB:D1:BB:15"
"Government of Sweden (Försäkringskassan)"	"Swedish Government Root Authority v1"	"11:E1:9B:BC:74:7B:1A:ED:0D:B8:33:C9:4C:AC:6C:3F:85:BD:EB:DB"	"F6:57:A6:33:EE:B9:BC:5D:15:A4:61:75:17:49:EA:4B:31:67:27:DC:F1:A9:F9:86:B5:45:84:45:F6:48:5D:DE"
"Government of Sweden (Försäkringskassan)"	"Swedish Government Root Authority v3"	"74:6F:88:F9:AC:16:3C:53:00:9E:EF:92:0C:40:67:75:6A:15:71:7E"	"8F:9A:DB:6D:89:5D:AB:5A:DF:5C:3D:3F:AB:83:92:7B:E0:FB:64:EF:82:48:5C:62:28:0D:58:4E:8B:D5:5D:22"
"Government of Taiwan, Government Root Certification Authority (GRCA)"	"TW Government Root Certification Authority"	"F4:8B:11:BF:DE:AB:BE:94:54:20:71:E6:41:DE:6B:BE:88:2B:40:B9"	"76:00:29:5E:EF:E8:5B:9E:1F:D6:24:DB:76:06:2A:AA:AE:59:81:8A:54:D2:77:4C:D4:C0:B2:C0:11:31:E1:B3"
"Government of Taiwan, Government Root Certification Authority (GRCA)"	"TW Government Root Certification Authority 2"	"B0:91:AA:91:38:47:F3:13:D7:27:BC:EF:C8:17:9F:08:6F:3A:8C:0F"	"70:B9:22:BF:DA:0E:3F:4A:34:2E:4E:E2:2D:57:9A:E5:98:D0:71:CC:5E:C9:C3:0F:12:36:80:34:03:88:AE:A5"
"Government of The Netherlands, PKIoverheid (Logius)"	"Government of Netherlands G3"	"D8:EB:6B:41:51:92:59:E0:F3:E7:85:00:C0:3D:B6:88:97:C9:EE:FC"	"3C:4F:B0:B9:5A:B8:B3:00:32:F4:32:B8:6F:53:5F:E1:72:C1:85:D0:FD:39:86:58:37:CF:36:18:7F:A6:F4:28"
"Government of The Netherlands, PKIoverheid (Logius)"	"Staat der Nederlanden EV Root CA"	"76:E2:7E:C1:4F:DB:82:C1:C0:A6:75:B5:05:BE:3D:29:B4:ED:DB:BB"	"4D:24:91:41:4C:FE:95:67:46:EC:4C:EF:A6:CF:6F:72:E2:8A:13:29:43:2F:9D:8A:90:7A:C4:CB:5D:AD:C1:5A"
"Government of The Netherlands, PKIoverheid (Logius)"	"Staat der Nederlanden Root CA - G2"	"59:AF:82:79:91:86:C7:B4:75:07:CB:CF:03:57:46:EB:04:DD:B7:16"	"66:8C:83:94:7D:A6:3B:72:4B:EC:E1:74:3C:31:A0:E6:AE:D0:DB:8E:C5:B3:1B:E3:77:BB:78:4F:91:B6:71:6F"
"Government of Tunisia, Agence National de Certification Electronique / National Digital Certification Agency (ANCE/NDCA)"	"Tunisian Root Certificate Authority - TunRootCA2"	"96:38:63:3C:90:56:AE:88:14:A0:65:D2:3B:DC:60:A0:EE:70:2F:A7"	"C7:95:FF:8F:F2:0C:96:66:88:F0:64:A1:E0:91:42:1D:31:10:A3:45:6C:17:EC:24:04:B9:98:73:87:41:F6:22"
"Government of Turkey, Kamu Sertifikasyon Merkezi (Kamu SM)"	"TÜBITAK Kamu SM"	"1B:4B:39:61:26:27:6B:64:91:A2:68:6D:D7:02:43:21:2D:1F:1D:96"	"E4:C7:34:30:D7:A5:B5:09:25:DF:43:37:0A:0D:21:6E:9A:79:B9:D6:DB:83:73:A0:C6:9E:B1:CC:31:C7:C5:2A"
"Government of Turkey, Kamu Sertifikasyon Merkezi (Kamu SM)"	"TUBITAK Kamu SM SSL Kok Sertifikasi - Surum 1"	"31:43:64:9B:EC:CE:27:EC:ED:3A:3F:0B:8F:0D:E4:E8:91:DD:EE:CA"	"46:ED:C3:68:90:46:D5:3A:45:3F:B3:10:4A:B8:0D:CA:EC:65:8B:26:60:EA:16:29:DD:7E:86:79:90:64:87:16"
"Government of Uruguay, Agency for E-Government and Information Society (AGESIC)"	"Autoridad Certificadora Raíz Nacional de Uruguay"	"7A:1C:DD:E3:D2:19:7E:71:37:43:3D:3F:99:C0:B3:69:F7:06:C7:49"	"55:33:A0:40:1F:61:2C:68:8E:BC:E5:BF:53:F2:EC:14:A7:34:EB:17:8B:FA:E0:0E:50:E8:5D:AE:67:23:07:8A"
"Government of Venezuela, Superintendencia de Servicios de Certificación Electrónica (SUSCERTE)"	"Autoridad de Certificacion Raiz de la Republica Bolivariana de Venezuela"	"39:8E:BE:9C:0F:46:C0:79:C3:C7:AF:E0:7A:2F:DD:9F:AE:5F:8A:5C"	"CA:7A:5E:68:C5:3D:2C:51:F7:2F:6B:46:5D:3E:D7:53:F5:90:3E:C7:90:1C:8D:0F:55:D8:68:33:7C:81:97:5A"
"Government of Venezuela, Superintendencia de Servicios de Certificación Electrónica (SUSCERTE)"	"Autoridad de Certificacion Raiz de la Republica Bolivariana de Venezuela 1"	"DD:83:C5:19:D4:34:81:FA:D4:C2:2C:03:D7:02:FE:9F:3B:22:F5:17"	"0E:88:EB:6E:A2:56:E1:9E:F8:D3:AB:D6:1A:24:D3:8D:BA:D6:32:81:6D:D9:57:29:44:27:E4:72:4D:81:A3:86"
"Halcom D.D."	"Halcom CA FO"	"04:09:56:5B:77:DA:58:2E:64:95:AC:00:60:A7:23:54:E6:4B:01:92"	"5A:1B:5D:6B:C6:55:23:B4:0A:6D:EF:FA:45:B4:8E:42:88:AE:8D:D8:6D:D7:0A:5B:85:8D:4A:5A:FF:C9:4F:71"
"Halcom D.D."	"Halcom CA PO 2"	"7F:BB:6A:CD:7E:0A:B4:38:DA:AF:6F:D5:02:10:D0:07:C6:C0:82:9C"	"FE:71:14:D0:7A:14:77:59:89:1F:F3:7B:4F:53:EB:43:56:82:96:BC:3B:F8:9B:C1:2C:AF:B1:86:98:5E:F2:8D"
"Halcom D.D."	"Halcom Root CA"	"53:5B:00:16:72:AB:BF:7B:6C:C2:54:05:AE:4D:24:FE:03:3F:D1:CC"	"8B:3F:DB:15:1A:F7:59:C5:66:14:3E:07:C9:50:ED:E4:F9:E8:C7:CF:80:84:53:D3:3B:CB:78:E5:2A:40:0A:F9"
"HARICA"	"Hellenic Academic and Research Institutions ECC RootCA 2015"	"9F:F1:71:8D:92:D5:9A:F3:7D:74:97:B4:BC:6F:84:68:0B:BA:B6:66"	"44:B5:45:AA:8A:25:E6:5A:73:CA:15:DC:27:FC:36:D2:4C:1C:B9:95:3A:06:65:39:B1:15:82:DC:48:7B:48:33"
"HARICA"	"Hellenic Academic and Research Institutions RootCA 2011"	"FE:45:65:9B:79:03:5B:98:A1:61:B5:51:2E:AC:DA:58:09:48:22:4D"	"BC:10:4F:15:A4:8B:E7:09:DC:A5:42:A7:E1:D4:B9:DF:6F:05:45:27:E8:02:EA:A9:2D:59:54:44:25:8A:FE:71"
"HARICA"	"Hellenic Academic and Research Institutions RootCA 2015"	"01:0C:06:95:A6:98:19:14:FF:BF:5F:C6:B0:B6:95:EA:29:E9:12:A6"	"A0:40:92:9A:02:CE:53:B4:AC:F4:F2:FF:C6:98:1C:E4:49:6F:75:5E:6D:45:FE:0B:2A:69:2B:CD:52:52:3F:36"
"I.CA První Certifikační Autorita, A.S."	"I.CA – Qualified Certification Authority"	"D2:44:1A:A8:C2:03:AE:CA:A9:6E:50:1F:12:4D:52:B6:8F:E4:C3:75"	"C0:C0:5A:8D:8D:A5:5E:AF:27:AA:9B:91:0B:0A:6E:F0:D8:BB:DE:D3:46:92:8D:B8:72:E1:82:C2:07:3E:98:02"
"I.CA První Certifikační Autorita, A.S."	"I.CA – Standard Certification Authority"	"90:DE:CE:77:F8:C8:25:34:0E:62:EB:D6:35:E1:BE:20:CF:73:27:DD"	"64:68:BF:8C:F3:CF:68:8E:BB:2A:68:41:BD:70:E9:7B:52:29:B4:9D:F8:69:0D:7B:74:19:3E:9C:E3:88:61:41"
"I.CA První Certifikační Autorita, A.S."	"I.CA První certifikacní autorita a.s."	"AB:16:DD:14:4E:CD:C0:FC:4B:AA:B6:2E:CF:04:08:89:6F:DE:52:B7"	"77:A0:3F:69:E4:F3:95:55:89:AC:AC:A0:6F:67:73:A0:D9:8D:16:DE:A0:5C:6D:94:EE:3E:F6:FB:2B:EB:76:05"
"I.CA První Certifikační Autorita, A.S."	"I.CA První certifikacní autorita a.s. 1"	"64:90:2A:D7:27:7A:F3:E3:2C:D8:CC:1D:C7:9D:E1:FD:7F:80:69:EA"	"1A:A9:80:C8:C0:D3:16:F2:50:29:97:89:82:F0:33:CB:B3:A3:F4:18:8D:66:9F:2D:E6:A8:D8:4E:E0:0A:15:75"
"I.CA První Certifikační Autorita, A.S."	"I.CA Root CA/RSA"	"9B:09:59:89:81:54:08:1B:F6:A9:0E:9B:9E:58:A4:69:0C:9B:A1:04"	"D3:D6:07:A9:FF:24:A1:95:23:B6:DA:9D:2C:64:94:46:F8:78:8C:B9:6D:9F:D1:30:97:2E:12:0C:13:67:77:30"
"IdenTrust"	"DST ACES CA X6"	"40:54:DA:6F:1C:3F:40:74:AC:ED:0F:EC:CD:DB:79:D1:53:FB:90:1D"	"76:7C:95:5A:76:41:2C:89:AF:68:8E:90:A1:C7:0F:55:6C:FD:6B:60:25:DB:EA:10:41:6D:7E:B6:83:1F:8C:40"
"IdenTrust"	"DST Root CA X3"	"DA:C9:02:4F:54:D8:F6:DF:94:93:5F:B1:73:26:38:CA:6A:D7:7C:13"	"06:87:26:03:31:A7:24:03:D9:09:F1:05:E6:9B:CF:0D:32:E1:BD:24:93:FF:C6:D9:20:6D:11:BC:D6:77:07:39"
"IdenTrust"	"IdenTrust Commercial Root CA 1"	"DF:71:7E:AA:4A:D9:4E:C9:55:84:99:60:2D:48:DE:5F:BC:F0:3A:25"	"5D:56:49:9B:E4:D2:E0:8B:CF:CA:D0:8A:3E:38:72:3D:50:50:3B:DE:70:69:48:E4:2F:55:60:30:19:E5:28:AE"
"IdenTrust"	"IdenTrust Public Sector Root CA 1"	"BA:29:41:60:77:98:3F:F4:F3:EF:F2:31:05:3B:2E:EA:6D:4D:45:FD"	"30:D0:89:5A:9A:44:8A:26:20:91:63:55:22:D1:F5:20:10:B5:86:7A:CA:E1:2C:78:EF:95:8F:D4:F4:38:9F:2F"
"Image-X Enterprises Inc"	"ESIGNIT.ORG"	"9F:8D:E7:99:CF:87:64:ED:24:66:99:05:64:04:1B:19:49:19:ED:E8"	"C6:65:17:5B:D6:0E:D7:0A:5E:EA:33:44:CB:E5:D1:A6:93:6F:79:BC:27:A8:38:4E:4C:73:42:00:41:7C:27:9F"
"Inera AB (SITHS)"	"Inera AB"	"58:5F:78:75:BE:E7:43:3E:B0:79:EA:AB:7D:05:BB:0F:7A:F2:BC:CC"	"FC:50:B2:6B:DC:4A:8F:DF:13:44:CC:80:15:7A:E1:3A:C6:71:E2:70:6F:AC:FC:06:05:FE:34:E2:49:EB:72:D6"
"Izenpe S.A."	"IZENPE S.A."	"4A:3F:8D:6B:DC:0E:1E:CF:CD:72:E3:77:DE:F2:D7:FF:92:C1:9B:C7"	"B0:87:7A:EE:2D:39:27:4D:F8:31:F6:6F:DE:EB:77:17:55:7C:25:8F:C9:EB:55:23:1A:9F:8A:64:7A:75:43:3F"
"Izenpe S.A."	"Izenpe.com"	"2F:78:3D:25:52:18:A7:4A:65:39:71:B5:2C:A2:9C:45:15:6F:E9:19"	"25:30:CC:8E:98:32:15:02:BA:D9:6F:9B:1F:BA:1B:09:9E:2D:29:9E:0F:45:48:BB:91:4F:36:3B:C0:D4:53:1F"
"Japan Local Authority Information Systems (J-LIS)"	"Application CA G3 Root"	"6F:38:84:56:8E:99:C8:C6:AC:0E:5D:DE:2D:B2:02:DD:00:2E:36:63"	"54:B4:FC:43:D4:4A:A4:CA:9F:C0:3C:A7:E9:94:9F:BA:E2:67:A0:64:D0:2D:A2:18:52:41:2A:38:1B:5D:15:37"
"Japan Local Authority Information Systems (J-LIS)"	"Application CA G4 Root"	"21:DA:CE:4C:2C:34:E6:64:68:EE:06:31:4D:B0:55:A0:A8:9D:4C:1D"	"D1:A0:31:90:98:03:4E:3A:EC:72:9A:0B:5C:31:11:22:9D:9D:26:E3:E6:23:E8:C5:E6:84:3F:A0:6E:E8:E2:E4"
"Korea Information Security Agency (KISA)"	"KISA RootCA 1"	"02:72:68:29:3E:5F:5D:17:AA:A4:B3:C3:E6:36:1E:1F:92:57:5E:AA"	"6F:DB:3F:76:C8:B8:01:A7:53:38:D8:A5:0A:7C:02:87:9F:61:98:B5:7E:59:4D:31:8D:38:32:90:0F:ED:CD:79"
"Krajowa Izba Rozliczeniowa S.A. (KIR)"	"SZAFIR ROOT CA"	"D3:EE:FB:CB:BC:F4:98:67:83:86:26:E2:3B:B5:9C:A0:1E:30:5D:B7"	"FA:BC:F5:19:7C:DD:7F:45:8A:C3:38:32:D3:28:40:21:DB:24:25:FD:6B:EA:7A:2E:69:B7:48:6E:8F:51:F9:CC"
"Krajowa Izba Rozliczeniowa S.A. (KIR)"	"SZAFIR ROOT CA2"	"E2:52:FA:95:3F:ED:DB:24:60:BD:6E:28:F3:9C:CC:CF:5E:B3:3F:DE"	"A1:33:9D:33:28:1A:0B:56:E5:57:D3:D3:2B:1C:E7:F9:36:7E:B0:94:BD:5F:A7:2A:7E:50:04:C8:DE:D7:CA:FE"
"LAWtrust"	"LAWtrust Root Certification Authority 2048"	"33:5A:7F:F0:09:27:CF:2D:F2:78:E2:C9:19:2F:7A:4D:55:34:F8:0C"	"9B:14:E8:F5:F6:EA:16:76:66:E7:6D:CD:6B:EC:C1:90:86:1D:5E:89:70:B9:9A:94:70:F0:23:12:36:04:97:04"
"LuxTrust"	"LuxTrust Global Root 2"	"1E:0E:56:19:0A:D1:8B:25:98:B2:04:44:FF:66:8A:04:17:99:5F:3F"	"54:45:5F:71:29:C2:0B:14:47:C4:18:F9:97:16:8F:24:C5:8F:C5:02:3B:F5:DA:5B:E2:EB:6E:1D:D8:90:2E:D5"
"LuxTrust"	"LuxTrust Global Root CA"	"C9:3C:34:EA:90:D9:13:0C:0F:03:00:4B:98:BD:8B:35:70:91:56:11"	"A1:B2:DB:EB:64:E7:06:C6:16:9E:3C:41:18:B2:3B:AA:09:01:8A:84:27:66:6D:8B:F0:E2:88:91:EC:05:19:50"
"Macao Post and Telecommunications eSignTrust Certification Authority"	"Macao Post eSign Trust"	"06:14:31:51:E0:2B:45:DD:BA:DD:5D:8E:56:53:0D:AA:E3:28:CF:90"	"6E:A1:DB:67:19:D6:04:1A:06:FC:08:98:E5:B3:CF:34:9A:8F:A8:EC:EE:85:ED:B0:05:96:56:28:F6:17:F7:C8"
"Microsec e-Szignó CA"	"Microsec e-Szigno Root CA 2009"	"89:DF:74:FE:5C:F4:0F:4A:80:F9:E3:37:7D:54:DA:91:E1:01:31:8E"	"3C:5F:81:FE:A5:FA:B8:2C:64:BF:A2:EA:EC:AF:CD:E8:E0:77:FC:86:20:A7:CA:E5:37:16:3D:F3:6E:DB:F3:78"
"Microsoft Corporation"	"Microsoft Root Authority"	"A4:34:89:15:9A:52:0F:0D:93:D0:32:CC:AF:37:E7:FE:20:A8:B4:19"	"F3:84:06:E5:40:D7:A9:D9:0C:B4:A9:47:92:99:64:0F:FB:6D:F9:E2:24:EC:C7:A0:1C:0D:95:58:D8:DA:D7:7D"
"Microsoft Corporation"	"Microsoft Root Certificate Authority 2010"	"3B:1E:FD:3A:66:EA:28:B1:66:97:39:47:03:A7:2C:A3:40:A0:5B:D5"	"DF:54:5B:F9:19:A2:43:9C:36:98:3B:54:CD:FC:90:3D:FA:4F:37:D3:99:6D:8D:84:B4:C3:1E:EC:6F:3C:16:3E"
"Microsoft Corporation"	"Microsoft Root Certificate Authority 2011"	"8F:43:28:8A:D2:72:F3:10:3B:6F:B1:42:84:85:EA:30:14:C0:BC:FE"	"84:7D:F6:A7:84:97:94:3F:27:FC:72:EB:93:F9:A6:37:32:0A:02:B5:61:D0:A9:1B:09:E8:7A:78:07:ED:7C:61"
"MULTICERT"	"MULTICERT Root Certification Authority 01"	"46:AF:7A:31:B5:99:46:0D:46:9D:60:41:14:5B:13:65:1D:F9:17:0A"	"60:4D:32:D0:36:89:5A:ED:3B:FE:FA:EB:72:7C:00:9E:C0:F2:B3:CD:FA:42:A1:C7:17:30:E6:A7:2C:3B:E9:D4"
"NetLock Ltd."	"NetLock Arany (Class Gold) Főtanúsítvány"	"06:08:3F:59:3F:15:A1:04:A0:69:A4:6B:A9:03:D0:06:B7:97:09:91"	"6C:61:DA:C3:A2:DE:F0:31:50:6B:E0:36:D2:A6:FE:40:19:94:FB:D1:3D:F9:C8:D4:66:59:92:74:C4:46:EC:98"
"NetLock Ltd."	"NetLock Kozjegyzoi (Class A) Tanusitvanykiado"	"AC:ED:5F:65:53:FD:25:CE:01:5F:1F:7A:48:3B:6A:74:9F:61:78:C6"	"7F:12:CD:5F:7E:5E:29:0E:C7:D8:51:79:D5:B7:2C:20:A5:BE:75:08:FF:DB:5B:F8:1A:B9:68:4A:7F:C9:F6:67"
"NetLock Ltd."	"NetLock Minositett Kozjegyzoi (Class QA) Tanusitvanykiado"	"01:68:97:E1:A0:B8:F2:C3:B1:34:66:5C:20:A7:27:B7:A1:58:E2:8F"	"E6:06:DD:EE:E2:EE:7F:5C:DE:F5:D9:05:8F:F8:B7:D0:A9:F0:42:87:7F:6A:17:1E:D8:FF:69:60:E4:CC:5E:A5"
"NetLock Ltd."	"NetLock Platina (Class Platinum) Fotanúsítvány"	"EC:93:DE:08:3C:93:D9:33:A9:86:B3:D5:CD:E2:5A:CB:2F:EE:CF:8E"	"EB:7E:05:AA:58:E7:BD:32:8A:28:2B:F8:86:70:33:F3:C0:35:34:2B:51:6E:E8:5C:01:67:3D:FF:FF:BB:FE:58"
"Netrust"	"Netrust CA1"	"55:C8:6F:74:14:AC:8B:DD:68:14:F4:D8:6A:F1:5F:37:10:E1:04:D0"	"78:1D:64:DF:A7:7B:00:F2:C0:06:70:0B:1F:DA:86:BF:68:B8:65:A6:03:C7:A6:56:F9:2E:90:C0:42:CA:28:73"
"Nets DanID"	"Nets DanID"	"5C:FB:1F:5D:B7:32:E4:08:4C:0D:D4:97:85:74:E0:CB:C0:93:BE:B3"	"92:D8:09:2E:E7:7B:C9:20:8F:08:97:DC:05:27:18:94:E6:3E:F2:79:33:AE:53:7F:B9:83:EE:F0:EA:E3:EE:C8"
"NLB Nova Ljubljanska Banka d.d. Ljubljana"	"ACNLB"	"04:56:F2:3D:1E:9C:43:AE:CB:0D:80:7F:1C:06:47:55:1A:05:F4:56"	"89:4C:E6:DD:B0:12:CB:3F:73:69:54:66:8D:E6:3F:43:60:80:E9:5F:17:B7:A8:1B:D9:24:EB:21:BE:E9:E4:40"
"Notarius"	"Notarius Root Certificate Authority"	"1F:3F:14:86:B5:31:88:28:02:E8:7B:62:4D:42:02:95:A0:FC:72:1A"	"C7:B8:94:8F:EC:CA:AC:E5:B5:09:A3:43:F3:8D:03:01:D0:79:01:88:56:04:B3:F2:67:27:0E:1E:BB:EF:0F:E7"
"Open Access Technology International, Inc. (OATI)"	"OATI WebCARES Root CA"	"4B:6B:D2:D3:88:4E:46:C8:0C:E2:B9:62:BC:59:8C:D9:D5:D8:40:13"	"7A:77:C6:C6:1E:EE:B9:AA:65:C4:EA:41:0D:65:D8:95:B2:6A:81:12:32:83:00:9D:B1:04:B4:8D:E8:0B:24:79"
"Orange Polska S.A."	"Signet Root CA"	"B2:BD:90:31:AA:6D:0E:14:F4:C5:7F:D5:48:25:8F:37:B1:FB:39:E4"	"72:86:CE:24:9F:E9:E3:2B:D4:75:22:57:C1:7C:D8:F6:99:1A:9C:1E:6F:1A:3C:C7:33:04:ED:02:3E:6A:E4:EB"
"Personal I.D. LTD"	"PersonalID Trustworthy RootCA 2011"	"43:94:CE:31:26:FF:1A:22:4C:DD:4D:EE:B4:F4:EC:1D:A3:68:EF:6A"	"07:5B:FC:CA:2D:55:AE:6E:35:74:2C:32:AF:D0:CA:8E:A4:C9:58:FE:EF:C2:32:24:99:95:41:C0:33:D6:9C:8D"
"Pos Digicert Sdn. Bhd (Malaysia)"	"PosDigicert Class 2 Root CA G2"	"31:3B:8D:0E:7E:2E:4D:20:AE:86:68:FF:E5:9D:B5:19:3C:BF:7A:32"	"19:AB:CD:FF:3A:74:40:2F:A8:F0:CA:20:6B:F7:FA:B0:DF:FF:F3:AE:2B:BD:71:95:84:D2:10:90:A4:35:32:07"
"Post of Slovenia"	"Posta CA Root"	"D6:BF:79:94:F4:2B:E5:FA:29:DA:0B:D7:58:7B:59:1F:47:A4:4F:22"	"CD:20:12:56:FE:5C:ED:0B:FF:F8:DF:59:5F:FF:36:B1:41:6D:53:13:A9:99:F5:32:EF:4A:99:15:DF:96:DE:E0"
"Post of Slovenia"	"POSTarCA"	"B1:EA:C3:E5:B8:24:76:E9:D5:0B:1E:C6:7D:2C:C1:1E:12:E0:B4:91"	"00:7E:45:2F:D5:CF:83:89:46:69:6D:FE:37:A2:DB:2E:F3:99:14:36:D2:7B:CB:AB:45:92:20:53:C1:5A:87:A8"
"PostSignum operated by Ceska posta s.p. (Czech Post)"	"PostSignum Root QCA 2"	"A0:F8:DB:3F:0B:F4:17:69:3B:28:2E:B7:4A:6A:D8:6D:F9:D4:48:A3"	"AD:01:6F:95:80:50:E0:E7:E4:6F:AE:7D:CC:50:19:7E:D8:E3:FF:0A:4B:26:2E:5D:DC:DB:3E:DD:DC:7D:65:78"
"QuoVadis"	"QuoVadis Root CA 1 G3"	"1B:8E:EA:57:96:29:1A:C9:39:EA:B8:0A:81:1A:73:73:C0:93:79:67"	"8A:86:6F:D1:B2:76:B5:7E:57:8E:92:1C:65:82:8A:2B:ED:58:E9:F2:F2:88:05:41:34:B7:F1:F4:BF:C9:CC:74"
"QuoVadis"	"QuoVadis Root CA 2"	"CA:3A:FB:CF:12:40:36:4B:44:B2:16:20:88:80:48:39:19:93:7C:F7"	"85:A0:DD:7D:D7:20:AD:B7:FF:05:F8:3D:54:2B:20:9D:C7:FF:45:28:F7:D6:77:B1:83:89:FE:A5:E5:C4:9E:86"
"QuoVadis"	"QuoVadis Root CA 2 G3"	"09:3C:61:F3:8B:8B:DC:7D:55:DF:75:38:02:05:00:E1:25:F5:C8:36"	"8F:E4:FB:0A:F9:3A:4D:0D:67:DB:0B:EB:B2:3E:37:C7:1B:F3:25:DC:BC:DD:24:0E:A0:4D:AF:58:B4:7E:18:40"
"QuoVadis"	"QuoVadis Root CA 3"	"1F:49:14:F7:D8:74:95:1D:DD:AE:02:C0:BE:FD:3A:2D:82:75:51:85"	"18:F1:FC:7F:20:5D:F8:AD:DD:EB:7F:E0:07:DD:57:E3:AF:37:5A:9C:4D:8D:73:54:6B:F4:F1:FE:D1:E1:8D:35"
"QuoVadis"	"QuoVadis Root CA 3 G3"	"48:12:BD:92:3C:A8:C4:39:06:E7:30:6D:27:96:E6:A4:CF:22:2E:7D"	"88:EF:81:DE:20:2E:B0:18:45:2E:43:F8:64:72:5C:EA:5F:BD:1F:C2:D9:D2:05:73:07:09:C5:D8:B8:69:0F:46"
"QuoVadis"	"QuoVadis Root Certification Authority"	"DE:3F:40:BD:50:93:D3:9B:6C:60:F6:DA:BC:07:62:01:00:89:76:C9"	"A4:5E:DE:3B:BB:F0:9C:8A:E1:5C:72:EF:C0:72:68:D6:93:A2:1C:99:6F:D5:1E:67:CA:07:94:60:FD:6D:88:73"
"Red Abogacía"	"ACA ROOT"	"D4:96:59:2B:30:57:07:38:6C:C5:F3:CD:B2:59:AE:66:D7:66:1F:CA"	"97:F6:54:85:9C:BD:E5:86:FD:90:31:1E:82:EC:79:02:C2:38:CB:A0:D6:E5:29:56:4C:9C:88:F4:48:95:EC:50"
"Red Abogacía"	"Autoridad de Certificacion de la Abogacia"	"7F:8A:77:83:6B:DC:6D:06:8F:8B:07:37:FC:C5:72:54:13:06:8C:A4"	"56:07:E2:60:16:3F:49:C8:EA:41:75:A1:C0:A5:3B:13:19:5C:B7:D0:78:45:61:1E:94:3A:2F:F5:07:03:68:34"
"SECOM Trust Systems Co. Ltd."	"SECOM Trust Systems CO LTD 1"	"36:B1:2B:49:F9:81:9E:D7:4C:9E:BC:38:0F:C6:56:8F:5D:AC:B2:F7"	"E7:5E:72:ED:9F:56:0E:EC:6E:B4:80:00:73:A4:3F:C3:AD:19:19:5A:39:22:82:01:78:95:97:4A:99:02:6B:6C"
"SECOM Trust Systems Co. Ltd."	"SECOM Trust Systems Co Ltd."	"5F:3B:8C:F2:F8:10:B3:7D:78:B4:CE:EC:19:19:C3:73:34:B9:C7:74"	"51:3B:2C:EC:B8:10:D4:CD:E5:DD:85:39:1A:DF:C6:C2:DD:60:D8:7B:B7:36:D2:B5:21:48:4A:A4:7A:0E:BE:F6"
"SECOM Trust Systems Co. Ltd."	"Security Communication ECC RootCA1"	"B8:0E:26:A9:BF:D2:B2:3B:C0:EF:46:C9:BA:C7:BB:F6:1D:0D:41:41"	"E7:4F:BD:A5:5B:D5:64:C4:73:A3:6B:44:1A:A7:99:C8:A6:8E:07:74:40:E8:28:8B:9F:A1:E5:0E:4B:BA:CA:11"
"SECOM Trust Systems Co. Ltd."	"Security Communication EV RootCA1"	"FE:B8:C4:32:DC:F9:76:9A:CE:AE:3D:D8:90:8F:FD:28:86:65:64:7D"	"A2:2D:BA:68:1E:97:37:6E:2D:39:7D:72:8A:AE:3A:9B:62:96:B9:FD:BA:60:BC:2E:11:F6:47:F2:C6:75:FB:37"
"SECOM Trust Systems Co. Ltd."	"Security Communication RootCA3"	"C3:03:C8:22:74:92:E5:61:A2:9C:5F:79:91:2B:1E:44:13:91:30:3A"	"24:A5:5C:2A:B0:51:44:2D:06:17:76:65:41:23:9A:4A:D0:32:D7:C5:51:75:AA:34:FF:DE:2F:BC:4F:5C:52:94"
"Shanghai Electronic Certification Authority Co., Ltd. (SHECA)"	"UCA Global Root"	"0B:97:2C:9E:A6:E7:CC:58:D9:3B:20:BF:71:EC:41:2E:72:09:FA:BF"	"A1:F0:5C:CB:80:C2:D7:10:EC:7D:47:9A:BD:CB:B8:79:E5:8D:7E:DB:71:49:FE:78:A8:78:84:E3:D0:BA:D0:F9"
"Shanghai Electronic Certification Authority Co., Ltd. (SHECA)"	"UCA Root"	"82:50:BE:D5:A2:14:43:3A:66:37:7C:BC:10:EF:83:F6:69:DA:3A:67"	"93:E6:5E:C7:62:F0:55:DC:71:8A:33:25:82:C4:1A:04:43:0D:72:E3:CB:87:E8:B8:97:B6:75:16:F0:D1:AA:39"
"Shanghai Electronic Certification Authority Co., Ltd. (SHECA)"	"UCA Root"	"28:F9:78:16:19:7A:FF:18:25:18:AA:44:FE:C1:A0:CE:5C:B6:4C:8A"	"9B:EA:11:C9:76:FE:01:47:64:C1:BE:56:A6:F9:14:B5:A5:60:31:7A:BD:99:88:39:33:82:E5:16:1A:A0:49:3C"
"Shanghai Electronic Certification Authority Co., Ltd. (SHECA)"	"UCA Root"	"A3:A1:B0:6F:24:61:23:4A:E3:36:A5:C2:37:FC:A6:FF:DD:F0:D7:3A"	"D4:3A:F9:B3:54:73:75:5C:96:84:FC:06:D7:D8:CB:70:EE:5C:28:E7:73:FB:29:4E:B4:1E:E7:17:22:92:4D:24"
"Skaitmeninio sertifikavimo centras (SSC)"	"Skaitmeninio sertifikavimo centras 1"	"23:E8:33:23:3E:7D:0C:C9:2B:7C:42:79:AC:19:C2:F4:74:D6:04:CA"	"E6:E4:A9:51:EC:BF:7D:8E:DC:01:BC:87:3F:7B:6F:D3:58:68:BD:B1:0E:D7:86:F3:A1:B1:EE:16:D8:CE:C3:E9"
"Skaitmeninio sertifikavimo centras (SSC)"	"Skaitmeninio sertifikavimo centras 2"	"3E:84:D3:BC:C5:44:C0:F6:FA:19:43:5C:85:1F:3F:2F:CB:A8:E8:14"	"0B:9F:26:DF:CA:68:4C:2C:FC:E2:3E:4E:4D:D5:67:C8:86:BA:25:9E:1D:B2:67:F9:80:6F:0C:5A:09:97:11:F2"
"Skaitmeninio sertifikavimo centras (SSC)"	"Skaitmeninio sertifikavimo centras 3"	"5A:5A:4D:AF:78:61:26:7C:4B:1F:1E:67:58:6B:AE:6E:D4:FE:B9:3F"	"F1:B1:3F:5C:9A:32:64:03:B0:F3:1B:BE:76:99:CD:17:C7:D1:C0:B9:81:58:6D:D1:A7:B2:19:C5:25:08:FE:99"
"Skaitmeninio sertifikavimo centras (SSC)"	"SSC GDL CA Root B"	"C8:60:A3:18:FC:F5:B7:13:0B:10:07:AD:7F:61:4A:40:FF:FF:18:5F"	"C3:1E:EF:56:82:AB:B5:51:EB:C8:28:DE:D8:40:98:51:8A:67:68:52:6D:15:2E:E1:64:CF:B9:72:A1:42:5D:53"
"SSL.com"	"SSL.com EV Root Certification Authority ECC"	"4C:DD:51:A3:D1:F5:20:32:14:B0:C6:C5:32:23:03:91:C7:46:42:6D"	"22:A2:C1:F7:BD:ED:70:4C:C1:E7:01:B5:F4:08:C3:10:88:0F:E9:56:B5:DE:2A:4A:44:F9:9C:87:3A:25:A7:C8"
"SSL.com"	"SSL.com EV Root Certification Authority RSA"	"1C:B7:ED:E1:76:BC:DF:EF:0C:86:6F:46:FB:F9:80:E9:01:E5:CE:35"	"5A:DF:A2:50:13:BE:D3:71:08:31:57:2D:E5:1C:4B:9A:21:17:1C:00:31:32:49:C4:CB:47:19:D3:7F:BB:8D:20"
"SSL.com"	"SSL.com Root Certification Authority ECC"	"C3:19:7C:39:24:E6:54:AF:1B:C4:AB:20:95:7A:E2:C3:0E:13:02:6A"	"34:17:BB:06:CC:60:07:DA:1B:96:1C:92:0B:8A:B4:CE:3F:AD:82:0E:4A:A3:0B:9A:CB:C4:A7:4E:BD:CE:BC:65"
"SSL.com"	"SSL.com Root Certification Authority RSA"	"B7:AB:33:08:D1:EA:44:77:BA:14:80:12:5A:6F:BD:A9:36:49:0C:BB"	"85:66:6A:56:2E:E0:BE:5C:E9:25:C1:D8:89:0A:6F:76:A8:7E:C1:6D:4D:7D:5F:29:EA:74:19:CF:20:12:3B:69"
"Start Commercial (StartCom) Ltd."	"StartCom Certification Authority"	"3E:2B:F7:F2:03:1B:96:F3:8C:E6:C4:D8:A8:5D:3E:2D:58:47:6A:0F"	"C7:66:A9:BE:F2:D4:07:1C:86:3A:31:AA:49:20:E8:13:B2:D1:98:60:8C:B7:B7:CF:E2:11:43:B8:36:DF:09:EA"
"Start Commercial (StartCom) Ltd."	"StartCom Certification Authority G2"	"31:F1:FD:68:22:63:20:EE:C6:3B:3F:9D:EA:4A:3E:53:7C:7C:39:17"	"C7:BA:65:67:DE:93:A7:98:AE:1F:AA:79:1E:71:2D:37:8F:AE:1F:93:C4:39:7F:EA:44:1B:B7:CB:E6:FD:59:95"
"Swiss BIT, Swiss Federal Office of Information Technology, Systems and Telecommunication (FOITT)"	"Swiss Government Root CA I"	"A1:58:51:87:15:65:86:CE:F9:C4:54:E2:2A:B1:5C:58:74:56:07:B4"	"6E:C6:61:4E:9A:8E:FD:47:D6:31:8F:FD:FD:0B:F6:5B:49:3A:14:1F:77:C3:8D:0B:31:9B:E1:BB:BC:05:3D:D2"
"Swiss BIT, Swiss Federal Office of Information Technology, Systems and Telecommunication (FOITT)"	"Swiss Government Root CA II"	"C7:F7:CB:E2:02:36:66:F9:86:02:5D:4A:3E:31:3F:29:EB:0C:5B:38"	"A3:D7:43:5A:18:C4:6B:23:B6:A4:F8:92:9C:D5:90:50:C9:16:8B:03:A7:FA:D5:32:62:6F:29:7C:AC:53:56:E4"
"Swiss BIT, Swiss Federal Office of Information Technology, Systems and Telecommunication (FOITT)"	"Swiss Government Root III"	"CC:EA:E3:24:45:CD:42:18:DD:18:8E:AD:CE:B3:13:3C:7F:B3:40:AD"	"95:8A:BB:AE:FF:76:0F:4F:BF:66:FF:0F:2C:27:08:F4:73:9B:2C:68:61:27:23:9A:2C:4E:C8:7A:68:A9:84:C8"
"Swisscom (Switzerland) Ltd"	"Swisscom Root CA 1"	"5F:3A:FC:0A:8B:64:F6:86:67:34:74:DF:7E:A9:A2:FE:F9:FA:7A:51"	"21:DB:20:12:36:60:BB:2E:D4:18:20:5D:A1:1E:E7:A8:5A:65:E2:BC:6E:55:B5:AF:7E:78:99:C8:A2:66:D9:2E"
"Swisscom (Switzerland) Ltd"	"Swisscom Root CA 2"	"77:47:4F:C6:30:E4:0F:4C:47:64:3F:84:BA:B8:C6:95:4A:8A:41:EC"	"F0:9B:12:2C:71:14:F4:A0:9B:D4:EA:4F:4A:99:D5:58:B4:6E:4C:25:CD:81:14:0D:29:C0:56:13:91:4C:38:41"
"Swisscom (Switzerland) Ltd"	"Swisscom Root EV CA 2"	"E7:A1:90:29:D3:D5:52:DC:0D:0F:C6:92:D3:EA:88:0D:15:2E:1A:6B"	"D9:5F:EA:3C:A4:EE:DC:E7:4C:D7:6E:75:FC:6D:1F:F6:2C:44:1F:0F:A8:BC:77:F0:34:B1:9E:5D:B2:58:01:5D"
"SwissSign AG"	"SwissSign Gold CA - G2"	"D8:C5:38:8A:B7:30:1B:1B:6E:D4:7A:E6:45:25:3A:6F:9F:1A:27:61"	"62:DD:0B:E9:B9:F5:0A:16:3E:A0:F8:E7:5C:05:3B:1E:CA:57:EA:55:C8:68:8F:64:7C:68:81:F2:C8:35:7B:95"
"SwissSign AG"	"SwissSign Gold Root CA – G3"	"0B:71:99:A1:C7:F3:AD:DF:7B:A7:EA:B8:EB:57:4A:E8:0D:60:DD:DE"	"7A:F6:EA:9F:75:3A:1E:70:9B:D6:4D:0B:EB:86:7C:11:E8:C2:95:A5:6E:24:A6:E0:47:14:59:DC:CD:AA:15:58"
"SwissSign AG"	"SwissSign Platinum CA - G2"	"56:E0:FA:C0:3B:8F:18:23:55:18:E5:D3:11:CA:E8:C2:43:31:AB:66"	"3B:22:2E:56:67:11:E9:92:30:0D:C0:B1:5A:B9:47:3D:AF:DE:F8:C8:4D:0C:EF:7D:33:17:B4:C1:82:1D:14:36"
"SwissSign AG"	"SwissSign Platinum Root CA – G3"	"A1:E7:C6:00:AA:41:70:E5:B7:4B:C9:4F:9B:97:03:ED:C2:61:B4:B9"	"59:B3:82:9F:1F:F4:43:34:49:58:FA:E8:BF:F6:21:B6:84:C8:48:CF:BF:7E:AD:6B:63:A6:CA:50:F2:79:4F:89"
"SwissSign AG"	"SwissSign Silver CA - G2"	"9B:AA:E5:9F:56:EE:21:CB:43:5A:BE:25:93:DF:A7:F0:40:D1:1D:CB"	"BE:6C:4D:A2:BB:B9:BA:59:B6:F3:93:97:68:37:42:46:C3:C0:05:99:3F:A9:8F:02:0D:1D:ED:BE:D4:8A:81:D5"
"SwissSign AG"	"SwissSign Silver Root CA – G3"	"8D:08:FC:43:C0:77:0C:A8:4F:4D:CC:B2:D4:1A:5D:95:6D:78:6D:C4"	"1E:49:AC:5D:C6:9E:86:D0:56:5D:A2:C1:30:5C:41:93:30:B0:B7:81:BF:EC:50:E5:4A:1B:35:AF:7F:DD:D5:01"
"Symantec"	"Symantec Class 1 Public Primary Certification Authority - G4"	"84:F2:E3:DD:83:13:3E:A9:1D:19:52:7F:02:D7:29:BF:C1:5F:E6:67"	"36:3F:3C:84:9E:AB:03:B0:A2:A0:F6:36:D7:B8:6D:04:D3:AC:7F:CF:E2:6A:0A:91:21:AB:97:95:F6:E1:76:DF"
"Symantec"	"Symantec Class 1 Public Primary Certification Authority - G6"	"51:7F:61:1E:29:91:6B:53:82:FB:72:E7:44:D9:8D:C3:CC:53:6D:64"	"9D:19:0B:2E:31:45:66:68:5B:E8:A8:89:E2:7A:A8:C7:D7:AE:1D:8A:AD:DB:A3:C1:EC:F9:D2:48:63:CD:34:B9"
"Symantec"	"Symantec Class 2 Public Primary Certification Authority - G4"	"67:24:90:2E:48:01:B0:22:96:40:10:46:B4:B1:67:2C:A9:75:FD:2B"	"FE:86:3D:08:22:FE:7A:23:53:FA:48:4D:59:24:E8:75:65:6D:3D:C9:FB:58:77:1F:6F:61:6F:9D:57:1B:C5:92"
"Symantec"	"Symantec Class 2 Public Primary Certification Authority - G6"	"40:B3:31:A0:E9:BF:E8:55:BC:39:93:CA:70:4F:4E:C2:51:D4:1D:8F"	"CB:62:7D:18:B5:8A:D5:6D:DE:33:1A:30:45:6B:C6:5C:60:1A:4E:9B:18:DE:DC:EA:08:E7:DA:AA:07:81:5F:F0"
"Symantec"	"Symantec Class 3 Public Primary Certification Authority - G4"	"58:D5:2D:B9:33:01:A4:FD:29:1A:8C:96:45:A0:8F:EE:7F:52:92:82"	"53:DF:DF:A4:E2:97:FC:FE:07:59:4E:8C:62:D5:B8:AB:06:B3:2C:75:49:F3:8A:16:30:94:FD:64:29:D5:DA:43"
"Symantec"	"Symantec Class 3 Public Primary Certification Authority - G6"	"26:A1:6C:23:5A:24:72:22:9B:23:62:80:25:BC:80:97:C8:85:24:A1"	"B3:23:96:74:64:53:44:2F:35:3E:61:62:92:BB:20:BB:AA:5D:23:B5:46:45:0F:DB:9C:54:B8:38:61:67:D5:29"
"Symantec"	"Symantec Enterprise Mobile Root for Microsoft"	"92:B4:6C:76:E1:30:54:E1:04:F2:30:51:7E:6E:50:4D:43:AB:10:B5"	"8A:5E:48:81:D4:2F:74:75:E8:EC:37:26:FC:D5:E5:18:84:AA:04:DA:A9:FA:7A:DA:C8:CD:26:45:2C:F8:85:D4"
"Symantec / GeoTrust"	"GeoTrust Global CA"	"DE:28:F4:A4:FF:E5:B9:2F:A3:C5:03:D1:A3:49:A7:F9:96:2A:82:12"	"FF:85:6A:2D:25:1D:CD:88:D3:66:56:F4:50:12:67:98:CF:AB:AA:DE:40:79:9C:72:2D:E4:D2:B5:DB:36:A7:3A"
"Symantec / GeoTrust"	"GeoTrust Global CA 2"	"A9:E9:78:08:14:37:58:88:F2:05:19:B0:6D:2B:0D:2B:60:16:90:7D"	"CA:2D:82:A0:86:77:07:2F:8A:B6:76:4F:F0:35:67:6C:FE:3E:5E:32:5E:01:21:72:DF:3F:92:09:6D:B7:9B:85"
"Symantec / GeoTrust"	"GeoTrust Primary Certification Authority - G2"	"8D:17:84:D5:37:F3:03:7D:EC:70:FE:57:8B:51:9A:99:E6:10:D7:B0"	"5E:DB:7A:C4:3B:82:A0:6A:87:61:E8:D7:BE:49:79:EB:F2:61:1F:7D:D7:9B:F9:1C:1C:6B:56:6A:21:9E:D7:66"
"Symantec / GeoTrust"	"GeoTrust Primary Certification Authority - G3"	"03:9E:ED:B8:0B:E7:A0:3C:69:53:89:3B:20:D2:D9:32:3A:4C:2A:FD"	"B4:78:B8:12:25:0D:F8:78:63:5C:2A:A7:EC:7D:15:5E:AA:62:5E:E8:29:16:E2:CD:29:43:61:88:6C:D1:FB:D4"
"Symantec / GeoTrust"	"GeoTrust Universal CA"	"E6:21:F3:35:43:79:05:9A:4B:68:30:9D:8A:2F:74:22:15:87:EC:79"	"A0:45:9B:9F:63:B2:25:59:F5:FA:5D:4C:6D:B3:F9:F7:2F:F1:93:42:03:35:78:F0:73:BF:1D:1B:46:CB:B9:12"
"Symantec / GeoTrust"	"GeoTrust Universal CA 2"	"37:9A:19:7B:41:85:45:35:0C:A6:03:69:F3:3C:2E:AF:47:4F:20:79"	"A0:23:4F:3B:C8:52:7C:A5:62:8E:EC:81:AD:5D:69:89:5D:A5:68:0D:C9:1D:1C:B8:47:7F:33:F8:78:B9:5B:0B"
"Symantec / Thawte"	"thawte 3"	"BE:36:A4:56:2F:B2:EE:05:DB:B3:D3:23:23:AD:F4:45:08:4E:D6:56"	"6B:6C:1E:01:F5:90:F5:AF:C5:FC:F8:5C:D0:B9:39:68:84:04:86:59:FC:2C:6D:11:70:D6:8B:04:52:16:C3:FD"
"Symantec / Thawte"	"thawte Primary Root CA"	"91:C6:D6:EE:3E:8A:C8:63:84:E5:48:C2:99:29:5C:75:6C:81:7B:81"	"8D:72:2F:81:A9:C1:13:C0:79:1D:F1:36:A2:96:6D:B2:6C:95:0A:97:1D:B4:6B:41:99:F4:EA:54:B7:8B:FB:9F"
"Symantec / Thawte"	"thawte Primary Root CA - G2"	"AA:DB:BC:22:23:8F:C4:01:A1:27:BB:38:DD:F4:1D:DB:08:9E:F0:12"	"A4:31:0D:50:AF:18:A6:44:71:90:37:2A:86:AF:AF:8B:95:1F:FB:43:1D:83:7F:1E:56:88:B4:59:71:ED:15:57"
"Symantec / Thawte"	"thawte Primary Root CA - G3"	"F1:8B:53:8D:1B:E9:03:B6:A6:F0:56:43:5B:17:15:89:CA:F3:6B:F2"	"4B:03:F4:58:07:AD:70:F2:1B:FC:2C:AE:71:C9:FD:E4:60:4C:06:4C:F5:FF:B6:86:BA:E5:DB:AA:D7:FD:D3:4C"
"Symantec / VeriSign"	"VeriSign Class 1 Public PCA - G3"	"20:42:85:DC:F7:EB:76:41:95:57:8E:13:6B:D4:B7:D1:E9:8E:46:A5"	"CB:B5:AF:18:5E:94:2A:24:02:F9:EA:CB:C0:ED:5B:B8:76:EE:A3:C1:22:36:23:D0:04:47:E4:F3:BA:55:4B:65"
"Symantec / VeriSign"	"VeriSign Class 2 Public PCA - G3"	"61:EF:43:D7:7F:CA:D4:61:51:BC:98:E0:C3:59:12:AF:9F:EB:63:11"	"92:A9:D9:83:3F:E1:94:4D:B3:66:E8:BF:AE:7A:95:B6:48:0C:2D:6C:6C:2A:1B:E6:5D:42:36:B6:08:FC:A1:BB"
"Symantec / VeriSign"	"VeriSign Class 3 Public Primary Certification Authority - G3"	"13:2D:0D:45:53:4B:69:97:CD:B2:D5:C3:39:E2:55:76:60:9B:5C:C6"	"EB:04:CF:5E:B1:F3:9A:FA:76:2F:2B:B1:20:F2:96:CB:A5:20:C1:B9:7D:B1:58:95:65:B8:1C:B9:A1:7B:72:44"
"Symantec / VeriSign"	"VeriSign Class 3 Public Primary Certification Authority - G4"	"22:D5:D8:DF:8F:02:31:D1:8D:F7:9D:B7:CF:8A:2D:64:C9:3F:6C:3A"	"69:DD:D7:EA:90:BB:57:C9:3E:13:5D:C8:5E:A6:FC:D5:48:0B:60:32:39:BD:C4:54:FC:75:8B:2A:26:CF:7F:79"
"Symantec / VeriSign"	"VeriSign Class 3 Public Primary Certification Authority - G5"	"4E:B6:D5:78:49:9B:1C:CF:5F:58:1E:AD:56:BE:3D:9B:67:44:A5:E5"	"9A:CF:AB:7E:43:C8:D8:80:D0:6B:26:2A:94:DE:EE:E4:B4:65:99:89:C3:D0:CA:F1:9B:AF:64:05:E4:1A:B7:DF"
"Symantec / VeriSign"	"VeriSign Universal Root Certification Authority"	"36:79:CA:35:66:87:72:30:4D:30:A5:FB:87:3B:0F:A7:7B:B7:0D:54"	"23:99:56:11:27:A5:71:25:DE:8C:EF:EA:61:0D:DF:2F:A0:78:B5:C8:06:7F:4E:82:82:90:BF:B8:60:E8:4B:3C"
"T-Systems International GmbH (Deutsche Telekom)"	"Deutsche Telekom Root CA 2"	"85:A4:08:C0:9C:19:3E:5D:51:58:7D:CD:D6:13:30:FD:8C:DE:37:BF"	"B6:19:1A:50:D0:C3:97:7F:7D:A9:9B:CD:AA:C8:6A:22:7D:AE:B9:67:9E:C7:0B:A3:B0:C9:D9:22:71:C1:70:D3"
"T-Systems International GmbH (Deutsche Telekom)"	"T-TeleSec GlobalRoot Class 2"	"59:0D:2D:7D:88:4F:40:2E:61:7E:A5:62:32:17:65:CF:17:D8:94:E9"	"91:E2:F5:78:8D:58:10:EB:A7:BA:58:73:7D:E1:54:8A:8E:CA:CD:01:45:98:BC:0B:14:3E:04:1B:17:05:25:52"
"T-Systems International GmbH (Deutsche Telekom)"	"T-TeleSec GlobalRoot Class 3"	"55:A6:72:3E:CB:F2:EC:CD:C3:23:74:70:19:9D:2A:BE:11:E3:81:D1"	"FD:73:DA:D3:1C:64:4F:F1:B4:3B:EF:0C:CD:DA:96:71:0B:9C:D9:87:5E:CA:7E:31:70:7A:F3:E9:6D:52:2B:BD"
"Taiwan-CA Inc. (TWCA)"	"TWCA Global Root CA"	"9C:BB:48:53:F6:A4:F6:D3:52:A4:E8:32:52:55:60:13:F5:AD:AF:65"	"59:76:90:07:F7:68:5D:0F:CD:50:87:2F:9F:95:D5:75:5A:5B:2B:45:7D:81:F3:69:2B:61:0A:98:67:2F:0E:1B"
"Taiwan-CA Inc. (TWCA)"	"TWCA Root Certification Authority"	"CF:9E:87:6D:D3:EB:FC:42:26:97:A3:B5:A3:7A:A0:76:A9:06:23:48"	"BF:D8:8F:E1:10:1C:41:AE:3E:80:1B:F8:BE:56:35:0E:E9:BA:D1:A6:B9:BD:51:5E:DC:5C:6D:5B:87:11:AC:44"
"Telekom Applied Business Malaysia (TMCA)"	"TM Applied Business Root Certificate"	"99:57:C5:3F:C5:9F:B8:E7:39:F7:A4:B7:A7:0E:9B:8E:65:9F:20:8C"	"A9:C7:7A:F1:BC:DF:AA:37:39:44:2B:0B:27:34:C6:8E:AF:2E:98:33:F0:D7:66:FB:CA:A6:F2:AE:B4:2D:EC:02"
"Telia Company (formerly TeliaSonera)"	"Sonera Class1 CA"	"07:47:22:01:99:CE:74:B9:7C:B0:3D:79:B2:64:A2:C8:55:E9:33:FF"	"CD:80:82:84:CF:74:6F:F2:FD:6E:B5:8A:A1:D5:9C:4A:D4:B3:CA:56:FD:C6:27:4A:89:26:A7:83:5F:32:31:3D"
"Telia Company (formerly TeliaSonera)"	"Sonera Class2 CA"	"37:F7:6D:E6:07:7C:90:C5:B1:3E:93:1A:B7:41:10:B4:F2:E4:9A:27"	"79:08:B4:03:14:C1:38:10:0B:51:8D:07:35:80:7F:FB:FC:F8:51:8A:00:95:33:71:05:BA:38:6B:15:3D:D9:27"
"Telia Company (formerly TeliaSonera)"	"TeliaSonera Root CA v1"	"43:13:BB:96:F1:D5:86:9B:C1:4E:6A:92:F6:CF:F6:34:69:87:82:37"	"DD:69:36:FE:21:F8:F0:77:C1:23:A1:A5:21:C1:22:24:F7:22:55:B7:3E:03:A7:26:06:93:E8:A2:4B:0F:A3:89"
"Thailand National Root Certificate Authority (Electronic Transactions Development Agency)"	"Thailand National Root Certification Authority - G1"	"66:F2:DC:FB:3F:81:4D:DE:E9:B3:20:6F:11:DE:FE:1B:FB:DF:E1:32"	"2A:8D:A2:F8:D2:3E:0C:D3:B5:87:1E:CF:B0:F4:22:76:CA:73:23:06:67:F4:74:EE:DE:71:C5:EE:32:CC:3E:C6"
"The Uruguayan Post, “El Correo Uruguayo”"	"Correo Uruguayo - Root CA"	"F9:DD:19:26:6B:20:43:F1:FE:4B:3D:CB:01:90:AF:F1:1F:31:A6:9D"	"46:27:32:85:61:5D:96:E5:2D:A9:FC:2E:D8:C0:36:F1:0A:F3:D9:F6:28:0F:8D:28:87:06:C5:2B:20:11:B4:DA"
"TrustCor Systems"	"TrustCor ECA-1"	"58:D1:DF:95:95:67:6B:63:C0:F0:5B:1C:17:4D:8B:84:0B:C8:78:BD"	"5A:88:5D:B1:9C:01:D9:12:C5:75:93:88:93:8C:AF:BB:DF:03:1A:B2:D4:8E:91:EE:15:58:9B:42:97:1D:03:9C"
"TrustCor Systems"	"TrustCor RootCert CA-1"	"FF:BD:CD:E7:82:C8:43:5E:3C:6F:26:86:5C:CA:A8:3A:45:5B:C3:0A"	"D4:0E:9C:86:CD:8F:E4:68:C1:77:69:59:F4:9E:A7:74:FA:54:86:84:B6:C4:06:F3:90:92:61:F4:DC:E2:57:5C"
"TrustCor Systems"	"TrustCor RootCert CA-2"	"B8:BE:6D:CB:56:F1:55:B9:63:D4:12:CA:4E:06:34:C7:94:B2:1C:C0"	"07:53:E9:40:37:8C:1B:D5:E3:83:6E:39:5D:AE:A5:CB:83:9E:50:46:F1:BD:0E:AE:19:51:CF:10:FE:C7:C9:65"
"Trustis"	"Trustis FPS Root CA"	"3B:C0:38:0B:33:C3:F6:A6:0C:86:15:22:93:D9:DF:F5:4B:81:C0:04"	"C1:B4:82:99:AB:A5:20:8F:E9:63:0A:CE:55:CA:68:A0:3E:DA:5A:51:9C:88:02:A0:D3:A6:73:BE:8F:8E:55:7D"
"Trustwave"	"Secure Global CA"	"3A:44:73:5A:E5:81:90:1F:24:86:61:46:1E:3B:9C:C4:5F:F5:3A:1B"	"42:00:F5:04:3A:C8:59:0E:BB:52:7D:20:9E:D1:50:30:29:FB:CB:D4:1C:A1:B5:06:EC:27:F1:5A:DE:7D:AC:69"
"Trustwave"	"SecureTrust CA"	"87:82:C6:C3:04:35:3B:CF:D2:96:92:D2:59:3E:7D:44:D9:34:FF:11"	"F1:C1:B5:0A:E5:A2:0D:D8:03:0E:C9:F6:BC:24:82:3D:D3:67:B5:25:57:59:B4:E7:1B:61:FC:E9:F7:37:5D:73"
"Trustwave"	"XRamp Global Certification Authority"	"B8:01:86:D1:EB:9C:86:A5:41:04:CF:30:54:F3:4C:52:B7:E5:58:C6"	"CE:CD:DC:90:50:99:D8:DA:DF:C5:B1:D2:09:B7:37:CB:E2:C1:8C:FB:2C:10:C0:FF:0B:CF:0D:32:86:FC:1A:A2"
"TurkTrust"	"TÜRKTRUST Elektronik Sertifika Hizmet Sağlayıcısı 2"	"F1:7F:6F:B6:31:DC:99:E3:A3:C8:7F:FE:1C:F1:81:10:88:D9:60:33"	"97:8C:D9:66:F2:FA:A0:7B:A7:AA:95:00:D9:C0:2E:9D:77:F2:CD:AD:A6:AD:6B:A7:4A:F4:B9:1C:66:59:3C:50"
"TurkTrust"	"TÜRKTRUST Elektronik Sertifika Hizmet Sağlayıcısı H5"	"C4:18:F6:4D:46:D1:DF:00:3D:27:30:13:72:43:A9:12:11:C6:75:FB"	"49:35:1B:90:34:44:C1:85:CC:DC:5C:69:3D:24:D8:55:5C:B2:08:D6:A8:14:13:07:69:9F:4A:F0:63:19:9D:78"
"U.S. Federal Public Key Infrastructure (US FPKI)"	"Federal Government Common Policy"	"90:5F:94:2F:D9:F2:8F:67:9B:37:81:80:FD:4F:84:63:47:F6:45:C1"	"89:4E:BC:0B:23:DA:2A:50:C0:18:6B:7F:8F:25:EF:1F:6B:29:35:AF:32:A9:45:84:EF:80:AA:F8:77:A3:A0:6E"
"Visa"	"Visa eCommerce Root"	"70:17:9B:86:8C:00:A4:FA:60:91:52:22:3F:9F:3E:32:BD:E0:05:62"	"69:FA:C9:BD:55:FB:0A:C7:8D:53:BB:EE:5C:F1:D5:97:98:9F:D0:AA:AB:20:A2:51:51:BD:F1:73:3E:E7:D1:22"
"Visa"	"Visa Information Delivery Root CA"	"5A:4D:0E:8B:5F:DC:FD:F6:4E:72:99:A3:6C:06:0D:B2:22:CA:78:E4"	"C5:7A:3A:CB:E8:C0:6B:A1:98:8A:83:48:5B:F3:26:F2:44:87:75:37:98:49:DE:01:CA:43:57:1A:F3:57:E7:4B"
"Web.com"	"Network Solutions"	"71:89:9A:67:BF:33:AF:31:BE:FD:C0:71:F8:F7:33:B1:83:85:63:32"	"00:16:86:CD:18:1F:83:A1:B1:21:7D:30:5B:36:5C:41:E3:47:0A:78:A1:D3:7B:13:4A:98:CD:54:7B:92:DA:B3"
"Web.com"	"Network Solutions ECC Certificate Authority"	"80:F9:5B:74:1C:38:39:94:95:C3:4F:20:C2:3E:73:36:31:4D:3C:6B"	"21:93:CF:EA:38:12:11:A1:AE:AA:2D:E9:84:E6:30:64:3A:87:16:0B:12:08:11:81:45:EA:FB:8E:1B:C6:99:58"
"Web.com"	"Network Solutions RSA Certificate Authority"	"8E:92:8C:0F:C2:7B:B7:AB:A3:4E:6B:C0:CA:12:50:CB:57:B6:0F:84"	"DD:BF:14:97:33:BC:2B:F8:A0:9D:7F:01:2B:01:A6:DE:A1:1D:7B:AE:26:71:37:83:EF:64:07:A2:49:5B:F1:89"
"Wells Fargo Bank N.A."	"WellsSecure Public Root Certification Authority 01 G2"	"B4:2C:86:C9:57:FD:39:20:0C:45:BB:E3:76:C0:8C:D0:F4:D5:86:DB"	"AD:75:39:E5:CD:C9:85:FA:95:24:40:55:A9:20:2D:63:46:0E:C9:21:46:7D:03:4C:FD:BE:87:EC:6D:00:FE:DC"
"WISeKey"	"OISTE WISeKey Global Root GA CA"	"59:22:A1:E1:5A:EA:16:35:21:F8:98:39:6A:46:46:B0:44:1B:0F:A9"	"41:C9:23:86:6A:B4:CA:D6:B7:AD:57:80:81:58:2E:02:07:97:A6:CB:DF:4F:FF:78:CE:83:96:B3:89:37:D7:F5"
"WISeKey"	"OISTE WISeKey Global Root GB CA"	"0F:F9:40:76:18:D3:D7:6A:4B:98:F0:A8:35:9E:0C:FD:27:AC:CC:ED"	"6B:9C:08:E8:6E:B0:F7:67:CF:AD:65:CD:98:B6:21:49:E5:49:4A:67:F5:84:5E:7B:D1:ED:01:9F:27:B8:6B:D6"
"WoSign CA Limited"	"CA WoSign ECC Root"	"D2:7A:D2:BE:ED:94:C0:A1:3C:C7:25:21:EA:5D:71:BE:81:19:F3:2B"	"8B:45:DA:1C:06:F7:91:EB:0C:AB:F2:6B:E5:88:F5:FB:23:16:5C:2E:61:4B:F8:85:56:2D:0D:CE:50:B2:9B:02"
"WoSign CA Limited"	"Certification Authority of WoSign"	"B9:42:94:BF:91:EA:8F:B6:4B:E6:10:97:C7:FB:00:13:59:B6:76:CB"	"4B:22:D5:A6:AE:C9:9F:3C:DB:79:AA:5E:C0:68:38:47:9C:D5:EC:BA:71:64:F7:F2:2D:C1:D6:5F:63:D8:57:08"
"WoSign CA Limited"	"Certification Authority of WoSign G2"	"FB:ED:DC:90:65:B7:27:20:37:BC:55:0C:9C:56:DE:BB:F2:78:94:E1"	"D4:87:A5:6F:83:B0:74:82:E8:5E:96:33:94:C1:EC:C2:C9:E5:1D:09:03:EE:94:6B:02:C3:01:58:1E:D9:9E:16"
"WoSign CA Limited"	"WoSign China"	"16:32:47:8D:89:F9:21:3A:92:00:85:63:F5:A4:A7:D3:12:40:8A:D6"	"D6:F0:34:BD:94:AA:23:3F:02:97:EC:A4:24:5B:28:39:73:E4:47:AA:59:0F:31:0C:77:F4:8F:DF:83:11:22:54"
